pseudo_commun,nom_instagram,suivi_par,channel_id,titre_youtube,pseudo_youtube,abonnes_youtube,videos,vues_totales,pays_declare,url,rattachement,releve_le
vice,VICE,CNIEL,UCn8zNIfYAQNdrFRrr8oibKw,VICE,@vice,19200000,4394,5578860338,US,https://www.youtube.com/channel/UCn8zNIfYAQNdrFRrr8oibKw,"HYPOTHESE — meme pseudo, personne non verifiee",2026-08-24
michou,Migwelito ✨,CNIEL,UCo3i0nUzZjjLuM7VjAVz4zA,Michou,@michou,11000000,897,3310631182,FR,https://www.youtube.com/channel/UCo3i0nUzZjjLuM7VjAVz4zA,"HYPOTHESE — meme pseudo, personne non verifiee",2026-08-24
inoxtag,Inoxtag,CNIEL,UCL9aTJb0ur4sovxcppAopEw,Inoxtag,@inoxtag,9470000,450,1436490929,FR,https://www.youtube.com/channel/UCL9aTJb0ur4sovxcppAopEw,"HYPOTHESE — meme pseudo, personne non verifiee",2026-08-24
therock,Dwayne Johnson,CNIEL,UCBdw4dLCLLHmTgAOnW4V0hQ,The Rock,@therock,7130000,459,631180092,US,https://www.youtube.com/channel/UCBdw4dLCLLHmTgAOnW4V0hQ,"HYPOTHESE — meme pseudo, personne non verifiee",2026-08-24
valouzz_,Valouzz,CNIEL,UCNGq4mP3Ds5OUGjPo8IJOcw,Valouzz,@valouzz_,3280000,1398,1170377206,FR,https://www.youtube.com/channel/UCNGq4mP3Ds5OUGjPo8IJOcw,"HYPOTHESE — meme pseudo, personne non verifiee",2026-08-24
chefclubtv,Chefclub,INAPORC,UCQ_FrN6FNViZVjxHUvf6_xA,Chefclub,@chefclubtv,2920000,2097,1588685294,US,https://www.youtube.com/channel/UCQ_FrN6FNViZVjxHUvf6_xA,"HYPOTHESE — meme pseudo, personne non verifiee",2026-08-24
levraibouseuh,Romain G - LeBouseuh,CNIEL,UCS5YLPHfjnwdcNNvhZqp_kw,BouziTV,@levraibouseuh,2850000,2583,941345691,FR,https://www.youtube.com/channel/UCS5YLPHfjnwdcNNvhZqp_kw,"HYPOTHESE — meme pseudo, personne non verifiee",2026-08-24
notabenemovies,Nota Bene,CNIEL,UCP46_MXP_WG_auH88FnfS1A,Nota Bene,@notabenemovies,2770000,1080,517291263,FR,https://www.youtube.com/channel/UCP46_MXP_WG_auH88FnfS1A,"HYPOTHESE — meme pseudo, personne non verifiee",2026-08-24
djilsi,Djilsi,CNIEL,UCEUZRSYr1a2hnBfnpWslFeQ,Djilsi,@djilsi,2350000,247,356319225,,https://www.youtube.com/channel/UCEUZRSYr1a2hnBfnpWslFeQ,"HYPOTHESE — meme pseudo, personne non verifiee",2026-08-24
pidi_meg,Pidi 🤍,CNIEL,UCobKE2pCskZnatGHG50PH2w,Pidi,@pidi_meg,2040000,821,412394265,FR,https://www.youtube.com/channel/UCobKE2pCskZnatGHG50PH2w,"HYPOTHESE — meme pseudo, personne non verifiee",2026-08-24
primevideofr,Prime Video France,CNIEL,UC4YtyYW5RpGBgQqChMyjfIg,Amazon Prime Video France,@primevideofr,2040000,3294,643663996,FR,https://www.youtube.com/channel/UC4YtyYW5RpGBgQqChMyjfIg,"HYPOTHESE — meme pseudo, personne non verifiee",2026-08-24
loris.giuliano,Loris Giuliano,CNIEL,UCsTK8xMZKkrbTeWc8REbn8Q,LORIS GIULIANO,@loris.giuliano,1920000,64,212798536,FR,https://www.youtube.com/channel/UCsTK8xMZKkrbTeWc8REbn8Q,"HYPOTHESE — meme pseudo, personne non verifiee",2026-08-24
primetimefut,PRIME,CNIEL,UC_zDtZY3IxchiJjTu4Vq_Zg,PRIME,@primetimefut,1580000,422,66065289,FR,https://www.youtube.com/channel/UC_zDtZY3IxchiJjTu4Vq_Zg,"HYPOTHESE — meme pseudo, personne non verifiee",2026-08-24
justezoe,Zoé Tondut 🫐,CNIEL,UCLPSWyuMGlNMM1RK_2EFuIA,Juste Zoé,@justezoe,1560000,718,245857255,FR,https://www.youtube.com/channel/UCLPSWyuMGlNMM1RK_2EFuIA,"HYPOTHESE — meme pseudo, personne non verifiee",2026-08-24
doigby,Doigby,CNIEL,UCen9TDD6K1ZVW44unAGxtOw,Doigby,@doigby,1390000,2469,267290089,FR,https://www.youtube.com/channel/UCen9TDD6K1ZVW44unAGxtOw,"HYPOTHESE — meme pseudo, personne non verifiee",2026-08-24
nytcooking,NYT Cooking,INTERBEV,UC1rIOwTqDuWkFj87HZYRFOg,NYT Cooking,@nytcooking,1330000,1155,261806722,US,https://www.youtube.com/channel/UC1rIOwTqDuWkFj87HZYRFOg,"HYPOTHESE — meme pseudo, personne non verifiee",2026-08-24
lekemar,Kemar,CNIEL,UChKMRHxLETrj_5JjiqExD1w,Kemar,@lekemar,1280000,381,153984750,FR,https://www.youtube.com/channel/UChKMRHxLETrj_5JjiqExD1w,"HYPOTHESE — meme pseudo, personne non verifiee",2026-08-24
rebeudeter,BILLY 🧡🍂,CNIEL,UCWDyxFXoK_nPWfaw6f_sspw,RebeuDeter,@rebeudeter,1060000,44,86916912,FR,https://www.youtube.com/channel/UCWDyxFXoK_nPWfaw6f_sspw,"HYPOTHESE — meme pseudo, personne non verifiee",2026-08-24
pa.domingo,Domingo,CNIEL,UCRCMNm2I4tM4BTmNSboc4QA,Domingo,@pa.domingo,1030000,984,319620025,FR,https://www.youtube.com/channel/UCRCMNm2I4tM4BTmNSboc4QA,"HYPOTHESE — meme pseudo, personne non verifiee",2026-08-24
yanissaxoxo,Yanissa 💖,CNIEL,UC8JTNu9mq4EnYnxTnuvr6Xg,YanissaXoxo,@yanissaxoxo,1020000,200,82897112,FR,https://www.youtube.com/channel/UC8JTNu9mq4EnYnxTnuvr6Xg,"HYPOTHESE — meme pseudo, personne non verifiee",2026-08-24
terrycrews,Terry Crews,CNIEL,UC3jtjb_RqhJQ6ofHp8_LDPQ,Terry Crews,@terrycrews,985000,147,14693003,US,https://www.youtube.com/channel/UC3jtjb_RqhJQ6ofHp8_LDPQ,"HYPOTHESE — meme pseudo, personne non verifiee",2026-08-24
eddiecudi,Eddie MENSAH,CNIEL,UCyi7HBZoO__2j9S0hJvF_PQ,Eddie CuDi,@eddiecudi,971000,489,170046810,FR,https://www.youtube.com/channel/UCyi7HBZoO__2j9S0hJvF_PQ,"HYPOTHESE — meme pseudo, personne non verifiee",2026-08-24
fukay1070,Fukay1070,CNIEL,UCobkEPLN3ZnvrJgxxCPWSXw,Fukay1070,@fukay1070,777000,464,269967860,BE,https://www.youtube.com/channel/UCobkEPLN3ZnvrJgxxCPWSXw,"HYPOTHESE — meme pseudo, personne non verifiee",2026-08-24
florianonair,Florian OnAir,INTERBEV,UCkGpd4_4UAn53ZXcUf1JyFA,FlorianOnAir,@florianonair,734000,2000,301595740,FR,https://www.youtube.com/channel/UCkGpd4_4UAn53ZXcUf1JyFA,"HYPOTHESE — meme pseudo, personne non verifiee",2026-08-24
dobbyelfe_,DobbyElfe,CNIEL,UCHOsAeV69QGK3CPl137JLdQ,Dobby,@dobbyelfe_,667000,242,33348489,FR,https://www.youtube.com/channel/UCHOsAeV69QGK3CPl137JLdQ,"HYPOTHESE — meme pseudo, personne non verifiee",2026-08-24
cookinut,COOKINUT,INAPORC,UCdJ0NMfjUNcBJTG71jInrjw,Cookinut,@cookinut,539000,138,188560206,,https://www.youtube.com/channel/UCdJ0NMfjUNcBJTG71jInrjw,"HYPOTHESE — meme pseudo, personne non verifiee",2026-08-24
camillelellouche,Camille LELLOUCHE,CNIEL,UCGI8IL8YzdkLgaMh9RFq73A,Camille Lellouche,@camillelellouche,495000,441,131979972,,https://www.youtube.com/channel/UCGI8IL8YzdkLgaMh9RFq73A,"HYPOTHESE — meme pseudo, personne non verifiee",2026-08-24
freddygladieux,Freddy Gladieux,CNIEL,UCBrrqFkw5Pu42v5DxD_khIg,Freddy Gladieux,@freddygladieux,430000,19,11955373,FR,https://www.youtube.com/channel/UCBrrqFkw5Pu42v5DxD_khIg,"HYPOTHESE — meme pseudo, personne non verifiee",2026-08-24
emmanuelmacron,Emmanuel Macron,CNIEL,UCFqGa9uitcB-fWyNZK2xImw,Emmanuel Macron,@emmanuelmacron,399000,650,38174943,FR,https://www.youtube.com/channel/UCFqGa9uitcB-fWyNZK2xImw,"HYPOTHESE — meme pseudo, personne non verifiee",2026-08-24
whoogys,WHOOGY’S,INAPORC,UCcVyMRkpb9IF1BLT3f4gRcw,Whoogy ́s,@whoogys,390000,310,48288422,FR,https://www.youtube.com/channel/UCcVyMRkpb9IF1BLT3f4gRcw,"HYPOTHESE — meme pseudo, personne non verifiee",2026-08-24
bonnepitance,Alexandre Czech,INAPORC,UCPUQt1E49BC4XYI6oqJc6Pg,Bonne Pitance,@bonnepitance,349000,557,157591920,,https://www.youtube.com/channel/UCPUQt1E49BC4XYI6oqJc6Pg,"HYPOTHESE — meme pseudo, personne non verifiee",2026-08-24
gastronogeek,Thibaud Villanova,INAPORC,UCfI1q93ZYNR_mJYKFEqxfrA,Gastronogeek,@gastronogeek,330000,386,32128337,FR,https://www.youtube.com/channel/UCfI1q93ZYNR_mJYKFEqxfrA,"HYPOTHESE — meme pseudo, personne non verifiee",2026-08-24
thewingzer,The Wingzer (Yanis),CNIEL,UCXcyzeieJ2BUHbwjrmT2LeA,The Wingzer,@thewingzer,293000,91,103716059,FR,https://www.youtube.com/channel/UCXcyzeieJ2BUHbwjrmT2LeA,"HYPOTHESE — meme pseudo, personne non verifiee",2026-08-24
reddit,Reddit,CNIEL,UCUgrUBKwSnXwQOBG4v3igMg,Reddit,@reddit,287000,416,109635215,US,https://www.youtube.com/channel/UCUgrUBKwSnXwQOBG4v3igMg,"HYPOTHESE — meme pseudo, personne non verifiee",2026-08-24
mimabycami,Camélia EB ☀️,CNIEL,UCaf42LbPsOAxj-Gnllam3Kw,MiMa by Cami,@mimabycami,264000,249,21364470,FR,https://www.youtube.com/channel/UCaf42LbPsOAxj-Gnllam3Kw,"HYPOTHESE — meme pseudo, personne non verifiee",2026-08-24
xavier_pincemin,Xavier Pincemin,INAPORC,UCXG8EyiCi4qF2EnECYftyIg,Xavier Pincemin,@xavier_pincemin,245000,1151,84119182,FR,https://www.youtube.com/channel/UCXG8EyiCi4qF2EnECYftyIg,"HYPOTHESE — meme pseudo, personne non verifiee",2026-08-24
cestmeilleurquandcestbon,C'est meilleur quand c'est bon,INAPORC,UCtMKG1Q8W4_HbGCsoYU93gQ,C'est meilleur quand c'est bon,@cestmeilleurquandcestbon,233000,651,73112596,FR,https://www.youtube.com/channel/UCtMKG1Q8W4_HbGCsoYU93gQ,"HYPOTHESE — meme pseudo, personne non verifiee",2026-08-24
creapills,Creapills,CNIEL,UC5JNoczz7kh4jZ-9mtq0yJQ,Creapills,@creapills,231000,1172,133551409,FR,https://www.youtube.com/channel/UC5JNoczz7kh4jZ-9mtq0yJQ,"HYPOTHESE — meme pseudo, personne non verifiee",2026-08-24
kronomuzik,KronoMuzik,CNIEL,UC5C9-4yOwA1NR2NHzq_r69g,KronoMuzik,@kronomuzik,225000,0,1095851,,https://www.youtube.com/channel/UC5C9-4yOwA1NR2NHzq_r69g,"HYPOTHESE — meme pseudo, personne non verifiee",2026-08-24
foodandwine,Food & Wine,INTERBEV,UCKH_4hkRSyUSHDIFMzlGCRA,FOOD & WINE,@foodandwine,210000,1571,57044438,US,https://www.youtube.com/channel/UCKH_4hkRSyUSHDIFMzlGCRA,"HYPOTHESE — meme pseudo, personne non verifiee",2026-08-24
lestreamfr,LeStreamFR,CNIEL,UCcNKo7RH-HesUQ6F7Ul9q4w,LeStream,@lestreamfr,206000,786,54673836,FR,https://www.youtube.com/channel/UCcNKo7RH-HesUQ6F7Ul9q4w,"HYPOTHESE — meme pseudo, personne non verifiee",2026-08-24
diegoalary,Diego,INAPORC,UCgHkouHhcENh8I9ZJ87ES-w,Diego Alary,@diegoalary,169000,156,57638161,,https://www.youtube.com/channel/UCgHkouHhcENh8I9ZJ87ES-w,"HYPOTHESE — meme pseudo, personne non verifiee",2026-08-24
cuisineaz,CuisineAZ,ANVOL | INTERBEV,UC8AdLDn2gJf2sam4HJXGX3g,CuisineAZ.com,@cuisineaz,156000,2936,41433313,FR,https://www.youtube.com/channel/UC8AdLDn2gJf2sam4HJXGX3g,"HYPOTHESE — meme pseudo, personne non verifiee",2026-08-24
labrigadeft,La Brigade,INTERBEV,UCng1vc76Vb8rxGc3znCwVrQ,La Brigade - Street Food,@labrigadeft,150000,236,181921171,FR,https://www.youtube.com/channel/UCng1vc76Vb8rxGc3znCwVrQ,"HYPOTHESE — meme pseudo, personne non verifiee",2026-08-24
yassencore,Yass,CNIEL,UCBq0qrSvo9KreG6LXXOhPtw,YassEncore,@yassencore,129000,27,3431169,FR,https://www.youtube.com/channel/UCBq0qrSvo9KreG6LXXOhPtw,"HYPOTHESE — meme pseudo, personne non verifiee",2026-08-24
myriamanhattan,Myriamanhattan,CNIEL,UCkoaCkLPQtmrFhxBLHSylvg,MYRIAMANHATTAN,@myriamanhattan,128000,175,10620496,FR,https://www.youtube.com/channel/UCkoaCkLPQtmrFhxBLHSylvg,"HYPOTHESE — meme pseudo, personne non verifiee",2026-08-24
checkcheckcheck,Check,CNIEL,UCuZdQqYaRYcneCtI5nkjdzA,Check,@checkcheckcheck,122000,158,23583457,BE,https://www.youtube.com/channel/UCuZdQqYaRYcneCtI5nkjdzA,"HYPOTHESE — meme pseudo, personne non verifiee",2026-08-24
lesproduitslaitiers,Les Produits Laitiers,INTERBEV,UCOkKpH6tIRaNKPsNB7a3r3w,Produits Laitiers,@lesproduitslaitiers,101000,131,57978594,,https://www.youtube.com/channel/UCOkKpH6tIRaNKPsNB7a3r3w,"HYPOTHESE — meme pseudo, personne non verifiee",2026-08-24
leparisdalexis,Alexis Thiebaut,INAPORC,UCDErgMXtCUQV6LoyLZaVaJg,Le Paris d'Alexis,@leparisdalexis,71100,536,76552996,FR,https://www.youtube.com/channel/UCDErgMXtCUQV6LoyLZaVaJg,"HYPOTHESE — meme pseudo, personne non verifiee",2026-08-24
chester_foodies,Julien Chabane,INAPORC,UCjTJq1Jn9ONTz_0zBCgHVGg,ChesterFoodies,@chester_foodies,66600,268,41834255,,https://www.youtube.com/channel/UCjTJq1Jn9ONTz_0zBCgHVGg,"HYPOTHESE — meme pseudo, personne non verifiee",2026-08-24
onsenfouwallah,Onsenfouwallah,CNIEL,UCatPmS0S0L-18oguHidkUww,Onsenfouwallah,@onsenfouwallah,50500,18,5988886,,https://www.youtube.com/channel/UCatPmS0S0L-18oguHidkUww,"HYPOTHESE — meme pseudo, personne non verifiee",2026-08-24
juniortv,JuniorTV,CNIEL,UCl0jQT2Cj5brTRt5azL5E6g,ערוץ ג'וניור,@juniortv,33900,163,15518812,IL,https://www.youtube.com/channel/UCl0jQT2Cj5brTRt5azL5E6g,"HYPOTHESE — meme pseudo, personne non verifiee",2026-08-24
encuisineaugustine,Laurène Simone Augustine,INAPORC,UCt5cH5OiTGNJ_d9rd1ZZztQ,Encuisineaugustine,@encuisineaugustine,33300,281,17282948,,https://www.youtube.com/channel/UCt5cH5OiTGNJ_d9rd1ZZztQ,"HYPOTHESE — meme pseudo, personne non verifiee",2026-08-24
cuisinonsencouleurs,✨Salma El Fallah✨,ANVOL,UCJEC3beqSH1TbDkFGwz6UOQ,Cuisinons En Couleurs,@cuisinonsencouleurs,33100,258,5335449,FR,https://www.youtube.com/channel/UCJEC3beqSH1TbDkFGwz6UOQ,"HYPOTHESE — meme pseudo, personne non verifiee",2026-08-24
lainkk,Thomas,CNIEL,UCTZVYW6Qn0-87CRVsW2Gk2g,Laink,@lainkk,32300,0,0,,https://www.youtube.com/channel/UCTZVYW6Qn0-87CRVsW2Gk2g,"HYPOTHESE — meme pseudo, personne non verifiee",2026-08-24
helenedarroze,Hélène Darroze,INTERBEV,UCOlf_0FZdQXwWgJeRYRtlTg,Hélène Darroze,@helenedarroze,30600,26,1225279,FR,https://www.youtube.com/channel/UCOlf_0FZdQXwWgJeRYRtlTg,"HYPOTHESE — meme pseudo, personne non verifiee",2026-08-24
yannoujr,Yannou D. JR🥶,CNIEL,UCUR5wa7OFYcbv1yKUFb4EOg,Yannou ,@yannoujr,28900,39,630083,,https://www.youtube.com/channel/UCUR5wa7OFYcbv1yKUFb4EOg,"HYPOTHESE — meme pseudo, personne non verifiee",2026-08-24
vaimalama,V🧄,CNIEL,UCfvftoS9OINxGT1T4__t1xA,Vaimalama,@vaimalama,25200,36,3184380,FR,https://www.youtube.com/channel/UCfvftoS9OINxGT1T4__t1xA,"HYPOTHESE — meme pseudo, personne non verifiee",2026-08-24
pazapah,Aure et Killian,INAPORC,UCQEuWbHR5Rjrux7XCX9-nww,Pazapah,@pazapah,25100,230,13849085,FR,https://www.youtube.com/channel/UCQEuWbHR5Rjrux7XCX9-nww,"HYPOTHESE — meme pseudo, personne non verifiee",2026-08-24
taniadutel,Tania Dutel,INAPORC,UCKMwn3li6LLN9oXsoJC8oHw,Tania Dutel,@taniadutel,24600,70,1470946,FR,https://www.youtube.com/channel/UCKMwn3li6LLN9oXsoJC8oHw,"HYPOTHESE — meme pseudo, personne non verifiee",2026-08-24
chateau.leg0,Héloïse Lego,ANVOL | INAPORC,UCNkDpiFXOcMZfij8GLqfJvA,Château Leg0,@chateau.leg0,21100,225,5595267,FR,https://www.youtube.com/channel/UCNkDpiFXOcMZfij8GLqfJvA,"HYPOTHESE — meme pseudo, personne non verifiee",2026-08-24
ferrandiparis,FERRANDI Paris,INTERBEV,UC72bevyAHxlXmStH7z08bWA,FERRANDI Paris,@ferrandiparis,16700,285,2777821,FR,https://www.youtube.com/channel/UC72bevyAHxlXmStH7z08bWA,"HYPOTHESE — meme pseudo, personne non verifiee",2026-08-24
juanarbelaezchef,Juan Arbelaez,INTERBEV,UCDfW4OhGsPHChSndFv0z1Cw,Juanito Banana,@juanarbelaezchef,11400,338,6446384,,https://www.youtube.com/channel/UCDfW4OhGsPHChSndFv0z1Cw,"HYPOTHESE — meme pseudo, personne non verifiee",2026-08-24
idkbutimleila,leïlo☆🌻,CNIEL,UCtiZL-wC9AdVDNBT5OecZ7A,idkbutimleila,@idkbutimleila,10700,10,46843,FR,https://www.youtube.com/channel/UCtiZL-wC9AdVDNBT5OecZ7A,"HYPOTHESE — meme pseudo, personne non verifiee",2026-08-24
miraysway,Miray | recettes sans prise de tête,INAPORC,UCaUWoam7mNzTynXwvPNmolg,Miray | Recettes rapides & équilibrées,@miraysway,8710,109,7854887,,https://www.youtube.com/channel/UCaUWoam7mNzTynXwvPNmolg,"HYPOTHESE — meme pseudo, personne non verifiee",2026-08-24
markyymax,Ti Joe,CNIEL,UCcKBO93nYZhQbbCa8SvgyDA,Ti Joe,@markyymax,5570,433,1617451,CA,https://www.youtube.com/channel/UCcKBO93nYZhQbbCa8SvgyDA,"HYPOTHESE — meme pseudo, personne non verifiee",2026-08-24
tastefrancemagazine,Taste France Magazine,INTERBEV,UC5oh6PPgnTEqVb4v5UunA_Q,TasteFrance Magazine,@tastefrancemagazine,5340,360,4727051,GB,https://www.youtube.com/channel/UC5oh6PPgnTEqVb4v5UunA_Q,"HYPOTHESE — meme pseudo, personne non verifiee",2026-08-24
maitrecoq_officiel,Maître CoQ,ANVOL,UCqQukgCzm0kvWHiMWlwrHug,Maître CoQ,@maitrecoq_officiel,5080,228,902325,,https://www.youtube.com/channel/UCqQukgCzm0kvWHiMWlwrHug,"HYPOTHESE — meme pseudo, personne non verifiee",2026-08-24
maximechao,Maxime Chao,CNIEL,UCkLvGloX_cZ3H50SG89ce7Q,MaximeChao,@maximechao,4910,85,3818586,FR,https://www.youtube.com/channel/UCkLvGloX_cZ3H50SG89ce7Q,"HYPOTHESE — meme pseudo, personne non verifiee",2026-08-24
undejeunerdesoleil,Edda Onorato. Photographe culinaire,INTERBEV,UCa3fTcAxk_Kt8TFrY7jzL_w,undejeunerdesoleil,@undejeunerdesoleil,4550,108,1075144,FR,https://www.youtube.com/channel/UCa3fTcAxk_Kt8TFrY7jzL_w,"HYPOTHESE — meme pseudo, personne non verifiee",2026-08-24
luckydelices,Lucky délices,INAPORC,UC6bIPnFJ16zfjSIqEcOYJlQ,Lucky Délices,@luckydelices,4040,210,289909,,https://www.youtube.com/channel/UC6bIPnFJ16zfjSIqEcOYJlQ,"HYPOTHESE — meme pseudo, personne non verifiee",2026-08-24
sirha_lyon,Sirha Lyon,INTERBEV,UCuqer7G78jeHAlkcMfpqfug,Sirha Lyon,@sirha_lyon,3980,509,738705,FR,https://www.youtube.com/channel/UCuqer7G78jeHAlkcMfpqfug,"HYPOTHESE — meme pseudo, personne non verifiee",2026-08-24
pounsitime,,CNIEL,UCs5h0XGRYPshfl2NVpBCInA,PounsiTime,@pounsitime,3530,118,341265,,https://www.youtube.com/channel/UCs5h0XGRYPshfl2NVpBCInA,"HYPOTHESE — meme pseudo, personne non verifiee",2026-08-24
djaysonkaravane,Diego Sarthou,INAPORC,UCTYYjY_7mzG6z-6uzd14g3g,Djaysonkaravane,@djaysonkaravane,3440,0,0,FR,https://www.youtube.com/channel/UCTYYjY_7mzG6z-6uzd14g3g,"HYPOTHESE — meme pseudo, personne non verifiee",2026-08-24
fleurymichon,Fleury Michon,ANVOL,UCWLOyXHsZDvkfxk2LLrnBXQ,Fleury Michon,@fleurymichon,3410,81,25483490,FR,https://www.youtube.com/channel/UCWLOyXHsZDvkfxk2LLrnBXQ,"HYPOTHESE — meme pseudo, personne non verifiee",2026-08-24
agencebio,Agence BIO,INTERBEV,UC3uGR-GkvK6yTJ9GtDiiJFA,AgenceBio,@agencebio,2670,366,656353,,https://www.youtube.com/channel/UC3uGR-GkvK6yTJ9GtDiiJFA,"HYPOTHESE — meme pseudo, personne non verifiee",2026-08-24
ophelymezinooff,Ophély Mézino,CNIEL,UC03wO0B6cB-pbkPo8lzsLsw,Ophély Mézino,@ophelymezinooff,1750,98,285253,FR,https://www.youtube.com/channel/UC03wO0B6cB-pbkPo8lzsLsw,"HYPOTHESE — meme pseudo, personne non verifiee",2026-08-24
marchederungis,,INTERBEV,UCTzhWvYejQ_oxCUKpAIYc4w,Marché de Rungis,@marchederungis,1320,83,85083,FR,https://www.youtube.com/channel/UCTzhWvYejQ_oxCUKpAIYc4w,"HYPOTHESE — meme pseudo, personne non verifiee",2026-08-24
salade_toto_oignon,Salade Toto Oignon,CNIEL,UCioH0ZH-19QKb7ge_Nt4UXQ,Salade Toto Oignon,@salade_toto_oignon,1240,43,601948,,https://www.youtube.com/channel/UCioH0ZH-19QKb7ge_Nt4UXQ,"HYPOTHESE — meme pseudo, personne non verifiee",2026-08-24
gastroart,Gastro Art,INTERBEV,UCvHtxm6rHCmt9ZsP7lxFw5Q,Gastroart,@gastroart,921,15,93900,MX,https://www.youtube.com/channel/UCvHtxm6rHCmt9ZsP7lxFw5Q,"HYPOTHESE — meme pseudo, personne non verifiee",2026-08-24
redboyfr,Red Boy,CNIEL,UCvxIcn1QehWQ81onrRygvTQ,Red Boy,@redboyfr,914,4,244460,FR,https://www.youtube.com/channel/UCvxIcn1QehWQ81onrRygvTQ,"HYPOTHESE — meme pseudo, personne non verifiee",2026-08-24
enrangdoignons,Raphaële Marchal,INTERBEV,UCLniQZR2T2vJZZjypYAPnGg,En rang d'oignons,@enrangdoignons,685,10,49993,FR,https://www.youtube.com/channel/UCLniQZR2T2vJZZjypYAPnGg,"HYPOTHESE — meme pseudo, personne non verifiee",2026-08-24
lefooding,Le Fooding,INTERBEV,UC-ye4h-uZwqxE3gsHx2lq2w,Lefooding,@lefooding,681,106,284536,,https://www.youtube.com/channel/UC-ye4h-uZwqxE3gsHx2lq2w,"HYPOTHESE — meme pseudo, personne non verifiee",2026-08-24
volailleslandes,Volailles Fermières des Landes,ANVOL,UCr4nSyl6alzdJ9qJqhoJprg,Volailles Fermières des Landes,@volailleslandes,681,91,340020,FR,https://www.youtube.com/channel/UCr4nSyl6alzdJ9qJqhoJprg,"HYPOTHESE — meme pseudo, personne non verifiee",2026-08-24
chanelofficial,CHANEL,CNIEL,UCYVNZtr8SF6H-Hurew558cQ,chanelofficial,@chanelofficial,608,0,0,,https://www.youtube.com/channel/UCYVNZtr8SF6H-Hurew558cQ,"HYPOTHESE — meme pseudo, personne non verifiee",2026-08-24
vinsdulanguedoc,Vins du Languedoc,INTERBEV,UCs5akDalHEwmAXidhB5iHMg,Vins du Languedoc,@vinsdulanguedoc,564,223,627836,FR,https://www.youtube.com/channel/UCs5akDalHEwmAXidhB5iHMg,"HYPOTHESE — meme pseudo, personne non verifiee",2026-08-24
healthyfood_creation,Lucie 😊 recettes de plats sains,ANVOL | INAPORC,UC4ZHhRovQhYi_8CZbLHSOgg,healthyfood_creation,@healthyfood_creation,558,2,16657,,https://www.youtube.com/channel/UC4ZHhRovQhYi_8CZbLHSOgg,"HYPOTHESE — meme pseudo, personne non verifiee",2026-08-24
bienmangeraveclydie,Lydie | de créatrice food à mentor food 🍽️,INAPORC,UCkJQpXbG6O3VB4tMRqOld_A,Bienmangeraveclydie,@bienmangeraveclydie,540,6,12744,FR,https://www.youtube.com/channel/UCkJQpXbG6O3VB4tMRqOld_A,"HYPOTHESE — meme pseudo, personne non verifiee",2026-08-24
barbaramoreloff,Barbara Morel,CNIEL,UCuHopthU8SL_7W51I0Xruyw,Barbara Morel,@barbaramoreloff,475,0,0,,https://www.youtube.com/channel/UCuHopthU8SL_7W51I0Xruyw,"HYPOTHESE — meme pseudo, personne non verifiee",2026-08-24
lacerisesurlemaillot,Stéphanie · Nutrition & recettes,INTERBEV,UCJLYxJa5zt5iEagF2nkZp2A,La cerise sur le maillot,@lacerisesurlemaillot,431,31,97158,FR,https://www.youtube.com/channel/UCJLYxJa5zt5iEagF2nkZp2A,"HYPOTHESE — meme pseudo, personne non verifiee",2026-08-24
margotetaymeric,On mange quoi ce soir?,INAPORC,UCd5J9hk3cenKFnricWwDP_Q,On mange quoi ce soir ? ,@margotetaymeric,386,27,99359,,https://www.youtube.com/channel/UCd5J9hk3cenKFnricWwDP_Q,"HYPOTHESE — meme pseudo, personne non verifiee",2026-08-24
lapannyyy,Fanny,CNIEL,UCo6w322UD4QfPUTxBsb3NSw,LaPanny,@lapannyyy,385,142,337043,,https://www.youtube.com/channel/UCo6w322UD4QfPUTxBsb3NSw,"HYPOTHESE — meme pseudo, personne non verifiee",2026-08-24
naturellementflexitariens,Naturellement Flexitariens,INTERBEV,UCkKKjGW3Htsl2HWtFwkHuEw,Naturellement Flexitariens,@naturellementflexitariens,379,39,9678505,FR,https://www.youtube.com/channel/UCkKKjGW3Htsl2HWtFwkHuEw,"HYPOTHESE — meme pseudo, personne non verifiee",2026-08-24
lepoulaillerdaugustin,Le Poulailler D'Augustin,ANVOL,UCLUs2m7IYFp1010fN8Ksoew,Le Poulailler d'Augustin,@lepoulaillerdaugustin,373,76,224935,,https://www.youtube.com/channel/UCLUs2m7IYFp1010fN8Ksoew,"HYPOTHESE — meme pseudo, personne non verifiee",2026-08-24
madrangefrance,Madrange France,INAPORC,UCBb7ntBDLxm7MwZ8GcoGP3A,Madrange,@madrangefrance,221,63,7524273,FR,https://www.youtube.com/channel/UCBb7ntBDLxm7MwZ8GcoGP3A,"HYPOTHESE — meme pseudo, personne non verifiee",2026-08-24
arnopartissimo,ARNO PARTISSIMO,CNIEL,UCE6PXH3povr98F4ClydvdRg,Arno Partissimo,@arnopartissimo,204,1,1664,,https://www.youtube.com/channel/UCE6PXH3povr98F4ClydvdRg,"HYPOTHESE — meme pseudo, personne non verifiee",2026-08-24
jeanlucvianey,Jean-luc Vianey,ANVOL,UCjmRNFELHX0PxQ3P9frY98w,Jean-Luc VIANEY,@jeanlucvianey,187,9,58189,,https://www.youtube.com/channel/UCjmRNFELHX0PxQ3P9frY98w,"HYPOTHESE — meme pseudo, personne non verifiee",2026-08-24
bmsjoel,Joel Digbeu,CNIEL,UCdJyaGNCNnz2jsWqVKMELow,BMSJOEL TV ,@bmsjoel,184,0,0,,https://www.youtube.com/channel/UCdJyaGNCNnz2jsWqVKMELow,"HYPOTHESE — meme pseudo, personne non verifiee",2026-08-24
epicsefy,不明 ＳＥＦＹ,CNIEL,UC2EBxCth3GCR2rHERvUL_oQ,EpicSEFY,@epicsefy,180,0,0,,https://www.youtube.com/channel/UC2EBxCth3GCR2rHERvUL_oQ,"HYPOTHESE — meme pseudo, personne non verifiee",2026-08-24
lagrande_bouffe,Sandy Ramier,INAPORC | INTERBEV,UCTHn-xXBnoI4ImtozZnqXVg,La Grande Bouffe,@lagrande_bouffe,126,0,0,,https://www.youtube.com/channel/UCTHn-xXBnoI4ImtozZnqXVg,"HYPOTHESE — meme pseudo, personne non verifiee",2026-08-24
clemfoodie,Clémentine Vaccon,ANVOL,UCaY9LcedKJV4wSm6XLilOpw,clemfoodie ,@clemfoodie,91,26,40664,,https://www.youtube.com/channel/UCaY9LcedKJV4wSm6XLilOpw,"HYPOTHESE — meme pseudo, personne non verifiee",2026-08-24
cuisinepinup,𝕃𝕒 ℂ𝕦𝕚𝕤𝕚𝕟𝕖 𝔻’𝕦𝕟𝕖 ℙ𝕚𝕟-𝕦𝕡 🌸🌸,INTERBEV,UCj72Xos1q-Z8_234tbLYTRg,Mon thermomix mes créations by cuisinepinup,@cuisinepinup,74,13,14456,FR,https://www.youtube.com/channel/UCj72Xos1q-Z8_234tbLYTRg,"HYPOTHESE — meme pseudo, personne non verifiee",2026-08-24
primebbq,PRIME Barbecue,INTERBEV,UCotQQ6p_-VEbsaA5bniUPyg,PrimeBBQ,@primebbq,60,15,29726,,https://www.youtube.com/channel/UCotQQ6p_-VEbsaA5bniUPyg,"HYPOTHESE — meme pseudo, personne non verifiee",2026-08-24
shades,SHADES,CNIEL,UCAa7a4xDxAK9HIg927wVQ3w,shades,@shades,55,51,28814,,https://www.youtube.com/channel/UCAa7a4xDxAK9HIg927wVQ3w,"HYPOTHESE — meme pseudo, personne non verifiee",2026-08-24
nico_la,Nico-là 🤡,CNIEL,UCz2mVv5vEQKE__jByYRotgw,Nico_là,@nico_la,49,5,2384,FR,https://www.youtube.com/channel/UCz2mVv5vEQKE__jByYRotgw,"HYPOTHESE — meme pseudo, personne non verifiee",2026-08-24
frenchgirlcuisine,une French girl cuisine,INTERBEV,UCw5gg6PLsCE-4pLslKoRjSw,une French girl cuisine,@frenchgirlcuisine,46,6,9900,,https://www.youtube.com/channel/UCw5gg6PLsCE-4pLslKoRjSw,"HYPOTHESE — meme pseudo, personne non verifiee",2026-08-24
jemangequoicesoir,Emeline Bernard,INAPORC,UC_Extyk4KT_twMDTkq1hV-w,Je mange quoi ce soir,@jemangequoicesoir,41,7,13985,FR,https://www.youtube.com/channel/UC_Extyk4KT_twMDTkq1hV-w,"HYPOTHESE — meme pseudo, personne non verifiee",2026-08-24
foodforlove,Réjane Candela,INTERBEV,UCjopG4mJftEDnV33vjO1S6A,Food for love,@foodforlove,32,6,4539,PK,https://www.youtube.com/channel/UCjopG4mJftEDnV33vjO1S6A,"HYPOTHESE — meme pseudo, personne non verifiee",2026-08-24
carredeboeuf,𝐂𝐀𝐑𝐑É 𝐃𝐄 𝐁𝐎𝐄𝐔𝐅,INTERBEV,UCnV-BXRRwFAt4LR_y2EQnRw,Carré de boeuf,@carredeboeuf,25,2,139,FR,https://www.youtube.com/channel/UCnV-BXRRwFAt4LR_y2EQnRw,"HYPOTHESE — meme pseudo, personne non verifiee",2026-08-24
750g,,INAPORC | INTERBEV,UC8xSEIanKcKHyvnYygZ6tAA,Pandram ji,@750g,19,15,2069,,https://www.youtube.com/channel/UC8xSEIanKcKHyvnYygZ6tAA,"HYPOTHESE — meme pseudo, personne non verifiee",2026-08-24
les_vins_du_capitaine,Laurent le conteur du vin 🍷🔞🍷,INTERBEV,UCascRIuIDDc34l0SI565GTw,Laurent Les Vins du Capitaine,@les_vins_du_capitaine,19,8,2633,,https://www.youtube.com/channel/UCascRIuIDDc34l0SI565GTw,"HYPOTHESE — meme pseudo, personne non verifiee",2026-08-24
bleublanccoeur,Bleu-Blanc-Coeur,ANVOL,UCpNnGgCKIun0PuuHXWec5Bw,BleuBlancCoeur,@bleublanccoeur,16,4,14125,,https://www.youtube.com/channel/UCpNnGgCKIun0PuuHXWec5Bw,"HYPOTHESE — meme pseudo, personne non verifiee",2026-08-24
thefrenchsmile,Léa Sapin 🌞 E-RYT 500 Yoga teacher ®,CNIEL,UCO6HHIeniWLYuOQm1o5NqiQ,The French Smile,@thefrenchsmile,16,26,16612,FR,https://www.youtube.com/channel/UCO6HHIeniWLYuOQm1o5NqiQ,"HYPOTHESE — meme pseudo, personne non verifiee",2026-08-24
sergezaka,Serge Zaka,INAPORC,UCfy_ks3mN40vZwLnyvlJNgw,Serge ZAKA,@sergezaka,15,0,0,,https://www.youtube.com/channel/UCfy_ks3mN40vZwLnyvlJNgw,"HYPOTHESE — meme pseudo, personne non verifiee",2026-08-24
matthiasjacquin,Matthias Jacquin,INAPORC,UCFcXYBS8G-3nZRLwfFw1UWQ,Matthias Jacquin,@matthiasjacquin,13,1,487,,https://www.youtube.com/channel/UCFcXYBS8G-3nZRLwfFw1UWQ,"HYPOTHESE — meme pseudo, personne non verifiee",2026-08-24
sophieturbigo,Sophie Seïté 🍀 Food blogger 💕 Life Lover,INTERBEV,UCGtyZxjrHe7mWOnGmTKb2_Q,Sophie Seïté,@sophieturbigo,12,2,6472,,https://www.youtube.com/channel/UCGtyZxjrHe7mWOnGmTKb2_Q,"HYPOTHESE — meme pseudo, personne non verifiee",2026-08-24
sophiecuisine,Sophie François-Mülhens,INAPORC,UCy08nYK3Tul11uIeFq4Kwng,Sophie cuisine,@sophiecuisine,11,4,4426,,https://www.youtube.com/channel/UCy08nYK3Tul11uIeFq4Kwng,"HYPOTHESE — meme pseudo, personne non verifiee",2026-08-24
barbecueandco,Barbecue & Co,INTERBEV,UCgr4-mujmqMzcgHX8RReWWA,barbecueandco,@barbecueandco,10,18,21227,,https://www.youtube.com/channel/UCgr4-mujmqMzcgHX8RReWWA,"HYPOTHESE — meme pseudo, personne non verifiee",2026-08-24
medine_officiel,Médine,CNIEL,UC9M1xfn3ESlDUhe8cyvQp6w,Medine🌺,@medine_officiel,10,0,0,,https://www.youtube.com/channel/UC9M1xfn3ESlDUhe8cyvQp6w,"HYPOTHESE — meme pseudo, personne non verifiee",2026-08-24
cookingout,Cookingout,INTERBEV,UCiN4PQh9hly17Qg4c8FrQGg,cooking out,@cookingout,8,5,477,,https://www.youtube.com/channel/UCiN4PQh9hly17Qg4c8FrQGg,"HYPOTHESE — meme pseudo, personne non verifiee",2026-08-24
cookingbycoco,Homemade Food 💫,INAPORC,UCRib7L-4rDi2tdL61BBUzXQ,Pastry Cook,@cookingbycoco,7,4,123,,https://www.youtube.com/channel/UCRib7L-4rDi2tdL61BBUzXQ,"HYPOTHESE — meme pseudo, personne non verifiee",2026-08-24
dadbutcher,Damien Pinot,INTERBEV,UCPRvcVtcAriYT8GNStG-g_w,D3adbutcher 123,@dadbutcher,7,38,161,,https://www.youtube.com/channel/UCPRvcVtcAriYT8GNStG-g_w,"HYPOTHESE — meme pseudo, personne non verifiee",2026-08-24
beefpassion,Beef Passion,INTERBEV,UCxBhcvFmivLkSY_ZY3DFu9Q,BeefPassion,@beefpassion,6,6,671,,https://www.youtube.com/channel/UCxBhcvFmivLkSY_ZY3DFu9Q,"HYPOTHESE — meme pseudo, personne non verifiee",2026-08-24
semainedugout,La Semaine du Goût,INTERBEV,UC1s0zIT7_KKBrRcuarYbyAQ,semainedugout,@semainedugout,6,2,9821,,https://www.youtube.com/channel/UC1s0zIT7_KKBrRcuarYbyAQ,"HYPOTHESE — meme pseudo, personne non verifiee",2026-08-24
specialmeats,Specialmeats,INTERBEV,UCCI8RHGD4zcZUm3WpxDfIfw,specialmeats,@specialmeats,6,6,299,,https://www.youtube.com/channel/UCCI8RHGD4zcZUm3WpxDfIfw,"HYPOTHESE — meme pseudo, personne non verifiee",2026-08-24
vinsdebordeaux,Vins de Bordeaux,INTERBEV,UCtvM4ISW8ekGQRveNeEWWJQ,Chateau Bordeaux,@vinsdebordeaux,6,2,15224,,https://www.youtube.com/channel/UCtvM4ISW8ekGQRveNeEWWJQ,"HYPOTHESE — meme pseudo, personne non verifiee",2026-08-24
9gag,9GAG: Go Fun The World,CNIEL,UCJ-sLwnpiPguvlp6ZC36bZg,gag9sfp,@9gag,5,0,0,,https://www.youtube.com/channel/UCJ-sLwnpiPguvlp6ZC36bZg,"HYPOTHESE — meme pseudo, personne non verifiee",2026-08-24
parisianjim,Jim Han,INAPORC,UC0YLlrNZf4CCyDnCX04faBg,Jim Han (Parisianjim),@parisianjim,5,14,7619,,https://www.youtube.com/channel/UC0YLlrNZf4CCyDnCX04faBg,"HYPOTHESE — meme pseudo, personne non verifiee",2026-08-24
miamissime,Gaëlle Sacarabany🍍,INTERBEV,UC4tZijf57KF5iZhGExxLbGw,Sandrine Maurer,@miamissime,4,17,5879,,https://www.youtube.com/channel/UC4tZijf57KF5iZhGExxLbGw,"HYPOTHESE — meme pseudo, personne non verifiee",2026-08-24
grimkujow,Grimkujow,CNIEL,UCA17TSKZTd5iCde511S1NAQ,grim,@grimkujow,3,0,0,,https://www.youtube.com/channel/UCA17TSKZTd5iCde511S1NAQ,"HYPOTHESE — meme pseudo, personne non verifiee",2026-08-24
salondelagriculture,Salon International de l'Agriculture,ANVOL | INTERBEV,UC8tyTUppXI6PhWeU6CKOBEQ,Simon Guertin,@salondelagriculture,3,0,0,,https://www.youtube.com/channel/UC8tyTUppXI6PhWeU6CKOBEQ,"HYPOTHESE — meme pseudo, personne non verifiee",2026-08-24
ciryl_gane,Real.C “BON GAMIN”,CNIEL,UC7Gasz6hk25t9ekjI_YVGQQ,Cirylgane_king,@ciryl_gane,2,0,0,,https://www.youtube.com/channel/UC7Gasz6hk25t9ekjI_YVGQQ,"HYPOTHESE — meme pseudo, personne non verifiee",2026-08-24
lesprincesdelarue,Les Princes De La Rue,CNIEL,UCQv2M1ZxhDR9yY-ZR8uByfQ,Les Princes de la Rue,@lesprincesdelarue,2,0,0,FR,https://www.youtube.com/channel/UCQv2M1ZxhDR9yY-ZR8uByfQ,"HYPOTHESE — meme pseudo, personne non verifiee",2026-08-24
juliamaufay,Julia Maufay,INAPORC,UCg5ssGKrCXVU8gTILtJzuoA,Julia Maufay,@juliamaufay,1,3,315,,https://www.youtube.com/channel/UCg5ssGKrCXVU8gTILtJzuoA,"HYPOTHESE — meme pseudo, personne non verifiee",2026-08-24
vinsdebourgogne,Vins de Bourgogne,INTERBEV,UC4CEPISkC1RqZ_ZNvvM095w,Vins de Bourgogne,@vinsdebourgogne,1,0,0,,https://www.youtube.com/channel/UC4CEPISkC1RqZ_ZNvvM095w,"HYPOTHESE — meme pseudo, personne non verifiee",2026-08-24
audreycuisine,Audrey Bourdin,INTERBEV,UCqm2an43OLJ_o6tqZ1s5Clw,audreycuisine,@audreycuisine,0,0,0,,https://www.youtube.com/channel/UCqm2an43OLJ_o6tqZ1s5Clw,"HYPOTHESE — meme pseudo, personne non verifiee",2026-08-24
boucherienouvelle,Boucherie Nouvelle,INTERBEV,UCNk1Q_EbKYhveh56k8gaJyA,boucherie nouvelle,@boucherienouvelle,0,0,0,,https://www.youtube.com/channel/UCNk1Q_EbKYhveh56k8gaJyA,"HYPOTHESE — meme pseudo, personne non verifiee",2026-08-24
cheeseyourlife,Fabien Degoulet,CNIEL,UCJOmAQuT39NMxPxVa1uzM9Q,cheeseyourlife01 12345,@cheeseyourlife,0,0,0,,https://www.youtube.com/channel/UCJOmAQuT39NMxPxVa1uzM9Q,"HYPOTHESE — meme pseudo, personne non verifiee",2026-08-24
clic_clac,,ANVOL,UC5UuEyNL9RQdktWzNpdRuFQ,Luc Iribarren,@clic_clac,0,0,0,,https://www.youtube.com/channel/UC5UuEyNL9RQdktWzNpdRuFQ,"HYPOTHESE — meme pseudo, personne non verifiee",2026-08-24
clotilderoux,Clotilde Roux,INTERBEV,UC01gL2fKeiHTMUcO4jZtp0w,Clotilde Roux,@clotilderoux,0,0,0,,https://www.youtube.com/channel/UC01gL2fKeiHTMUcO4jZtp0w,"HYPOTHESE — meme pseudo, personne non verifiee",2026-08-24
cuisineculinaire,Cuisine Culinaire,INTERBEV,UC3UkERHQdddkzPF7cb6c9dA,cuisineculinaire,@cuisineculinaire,0,0,0,,https://www.youtube.com/channel/UC3UkERHQdddkzPF7cb6c9dA,"HYPOTHESE — meme pseudo, personne non verifiee",2026-08-24
cyrilkrieg,Cyril Krieg,INAPORC,UCor7Q9xsziUaNtzqxfnhFUA,Cyril Krieg,@cyrilkrieg,0,0,0,,https://www.youtube.com/channel/UCor7Q9xsziUaNtzqxfnhFUA,"HYPOTHESE — meme pseudo, personne non verifiee",2026-08-24
evarobineau,,INTERBEV,UC_DqHilPIJbwj05jwl7IcUg,Eva ROBINEAU,@evarobineau,0,0,0,,https://www.youtube.com/channel/UC_DqHilPIJbwj05jwl7IcUg,"HYPOTHESE — meme pseudo, personne non verifiee",2026-08-24
fatoukaba,Fatou Guinea Kaba,CNIEL,UCoX12b3XZHnufy7kBzdDakQ,Fatou kaba,@fatoukaba,0,0,0,,https://www.youtube.com/channel/UCoX12b3XZHnufy7kBzdDakQ,"HYPOTHESE — meme pseudo, personne non verifiee",2026-08-24
gueuleton,GUEULETON,INAPORC | INTERBEV,UCda3IwmMaIrCwNq0xlfdM_w,Gueuleton,@gueuleton,0,0,0,,https://www.youtube.com/channel/UCda3IwmMaIrCwNq0xlfdM_w,"HYPOTHESE — meme pseudo, personne non verifiee",2026-08-24
guiguiguipop,Guigui Pop,CNIEL,UCf_XtvxeCdTZhrwbFRcoawQ,Guillaume Pepin,@guiguiguipop,0,0,0,,https://www.youtube.com/channel/UCf_XtvxeCdTZhrwbFRcoawQ,"HYPOTHESE — meme pseudo, personne non verifiee",2026-08-24
helenemao,𝐻𝑒́𝑙𝑒̀𝑛𝑒📍PARIS FOOD GUIDE & TRAVEL📍,INAPORC,UCxP1OS7zaoF5_O522Zah8UQ,Helene Mao,@helenemao,0,0,0,,https://www.youtube.com/channel/UCxP1OS7zaoF5_O522Zah8UQ,"HYPOTHESE — meme pseudo, personne non verifiee",2026-08-24
interbevgrandest,InterbevGrandEst,INTERBEV,UC2uJYMyUZfY5mymFZCKMdGw,Interbev Grand Est,@interbevgrandest,0,1,138,,https://www.youtube.com/channel/UC2uJYMyUZfY5mymFZCKMdGw,"HYPOTHESE — meme pseudo, personne non verifiee",2026-08-24
jenybsg,Jenybsg,CNIEL,UCcfdNG-Ey9pfcBcHCoa5RKA,Veronica,@jenybsg,0,1,6,,https://www.youtube.com/channel/UCcfdNG-Ey9pfcBcHCoa5RKA,"HYPOTHESE — meme pseudo, personne non verifiee",2026-08-24
jonathanlacanal,Jonathan Lacanal,INTERBEV,UCA-PRR0A1RRMQKjlypslNvA,Jonathan Lacanal,@jonathanlacanal,0,0,0,,https://www.youtube.com/channel/UCA-PRR0A1RRMQKjlypslNvA,"HYPOTHESE — meme pseudo, personne non verifiee",2026-08-24
lafemmeduboucher,La Femme du Boucher,INTERBEV,UC-fWhZTexbCnMW5O0fApx3A,Julie Bisaillon,@lafemmeduboucher,0,0,0,,https://www.youtube.com/channel/UC-fWhZTexbCnMW5O0fApx3A,"HYPOTHESE — meme pseudo, personne non verifiee",2026-08-24
laperriereangusboeuf,LaPerrièreAngusBoeuf,INTERBEV,UCqs4Gt4jWlRefZkJYtdYxVw,La Perriere Angus Boeuf ,@laperriereangusboeuf,0,0,0,,https://www.youtube.com/channel/UCqs4Gt4jWlRefZkJYtdYxVw,"HYPOTHESE — meme pseudo, personne non verifiee",2026-08-24
leseleveursdeporcsbretons,Les éleveurs de porcs bretons,INAPORC,UCGHeSrgrhWruepxcoInnvsA,Les éleveurs de porcs bretons,@leseleveursdeporcsbretons,0,2,662,,https://www.youtube.com/channel/UCGHeSrgrhWruepxcoInnvsA,"HYPOTHESE — meme pseudo, personne non verifiee",2026-08-24
madamelamoureuse,Noémie Schlachter•Orléans 📌,INAPORC,UCxDegjxwPVK-ueif5SH96Yw,Noémie Schlachter,@madamelamoureuse,0,0,0,,https://www.youtube.com/channel/UCxDegjxwPVK-ueif5SH96Yw,"HYPOTHESE — meme pseudo, personne non verifiee",2026-08-24
matthieuotto,Matthieu Otto,INTERBEV,UCwgnUiBwkLJ3rKvMvm5Q9Hw,Matthieu Otto,@matthieuotto,0,0,0,,https://www.youtube.com/channel/UCwgnUiBwkLJ3rKvMvm5Q9Hw,"HYPOTHESE — meme pseudo, personne non verifiee",2026-08-24
nicolasbreneliere,Nicolas Breneliere,ANVOL,UCjUf1Ym7nl_jV7qWR4EBJAg,Nicolas BRENELIERE,@nicolasbreneliere,0,0,0,,https://www.youtube.com/channel/UCjUf1Ym7nl_jV7qWR4EBJAg,"HYPOTHESE — meme pseudo, personne non verifiee",2026-08-24
normangenius,Norman Chatrier,CNIEL,UC5l-AAiJbkTQKuQclvbJ2Fw,norman genius,@normangenius,0,0,0,,https://www.youtube.com/channel/UC5l-AAiJbkTQKuQclvbJ2Fw,"HYPOTHESE — meme pseudo, personne non verifiee",2026-08-24
pouletdejanze,Les Fermes de Janzé,ANVOL,UCODdayygAoWDR1kfmt7guAg,anne-marie guyot,@pouletdejanze,0,1,304,,https://www.youtube.com/channel/UCODdayygAoWDR1kfmt7guAg,"HYPOTHESE — meme pseudo, personne non verifiee",2026-08-24
superbon,Superbon,INTERBEV,UCRjGOrAMzRe5oMNsdmg8-2Q,superbon,@superbon,0,1,164,,https://www.youtube.com/channel/UCRjGOrAMzRe5oMNsdmg8-2Q,"HYPOTHESE — meme pseudo, personne non verifiee",2026-08-24
thewebergrill,Weber Grill Restaurant + Cooking School,INTERBEV,UCzXGFlTMIwXkf51ynwqMLxg,TheWebergrill,@thewebergrill,0,0,0,,https://www.youtube.com/channel/UCzXGFlTMIwXkf51ynwqMLxg,"HYPOTHESE — meme pseudo, personne non verifiee",2026-08-24
vincentdufrasne,vincent dufrasne,INTERBEV,UCdNXmSICgzVzErFVXtb8pIg,vincent dufrasne,@vincentdufrasne,0,0,0,,https://www.youtube.com/channel/UCdNXmSICgzVzErFVXtb8pIg,"HYPOTHESE — meme pseudo, personne non verifiee",2026-08-24
vincentscalera,Vincent Scalera,CNIEL,UCx3xrE9Jq8QI6jYf2WQphxg,Vin Scalera,@vincentscalera,0,0,0,,https://www.youtube.com/channel/UCx3xrE9Jq8QI6jYf2WQphxg,"HYPOTHESE — meme pseudo, personne non verifiee",2026-08-24
