chaine,video_id,url,titre,cas_signal,declaree_youtube,segments_sponsorblock,alias_trouves,entites_filiere,formules_commerciales,description_longueur,soustitres_annonces,soustitres_telechargeables,description,releve_le
Squeezie,cv5xx8xgHWk,https://www.youtube.com/watch?v=cv5xx8xgHWk,"MÊME À TROIS CONTRE UN, ON AURAIT PERDU (Super Mario Party Jamboree)",aucun_signal,non,0,,,,707,oui,non,"💚 Mon équipe Esport, les Gentle Mates : https://gentlemates.com ⏎ 💜 Follow mon Twitch pour ne pas rater mon prochain live : https://twitch.tv/squeezie ⏎ 🔔 ABONNE-TOI : https://bit.ly/2NLgbSC (au moins 2 best of chaque semaine) ⏎ 🎮 Retrouve toutes les rediffusions sur ma chaîne Replay : https://bit.ly/3vASgeb ⏎ 🔥 Télécharge l'extension Squeezie pour ne rater aucun live : https://extensionsqueezie.fr ⏎  ⏎ ――― ⏎  ⏎ ⁍ Twitch : https://twitch.tv/squeezie ⏎ ⁍ Twitter : https://twitter.com/xSqueeZie ⏎ ⁍ Twitter² : https://twitter.com/SqueezieTV ⏎ ⁍ Discord : https://discord.gg/Squeezie ⏎ ⁍ Reddit : https://reddit.com/r/Squeezie ⏎  ⏎ ――― ⏎  ⏎ ⭐ Chaînes des Participants : ⏎  ⏎ @L0ckl34r  ⏎ @Doigby  ⏎ @Gotaga  ⏎  ⏎ ――― ⏎  ⏎ Montage vidéo : @Jellieofficiel",2026-08-24 12:34 UTC
Squeezie,HGIV3tcKNZM,https://www.youtube.com/watch?v=HGIV3tcKNZM,NE TRAVAILLEZ JAMAIS DANS CETTE STATION SERVICE (Shift At Midnight),aucun_signal,non,0,,,,691,oui,non,"💚 Mon équipe Esport, les Gentle Mates : https://gentlemates.com ⏎ 💜 Follow mon Twitch pour ne pas rater mon prochain live : https://twitch.tv/squeezie ⏎ 🔔 ABONNE-TOI : https://bit.ly/2NLgbSC (au moins 2 best of chaque semaine) ⏎ 🎮 Retrouve toutes les rediffusions sur ma chaîne Replay : https://bit.ly/3vASgeb ⏎ 🔥 Télécharge l'extension Squeezie pour ne rater aucun live : https://extensionsqueezie.fr ⏎  ⏎ ――― ⏎  ⏎ ⁍ Twitch : https://twitch.tv/squeezie ⏎ ⁍ Twitter : https://twitter.com/xSqueeZie ⏎ ⁍ Twitter² : https://twitter.com/SqueezieTV ⏎ ⁍ Discord : https://discord.gg/Squeezie ⏎ ⁍ Reddit : https://reddit.com/r/Squeezie ⏎  ⏎ ――― ⏎  ⏎ ⭐ Chaînes des Participants : ⏎  ⏎ @L0ckl34r  ⏎ @Doigby  ⏎  ⏎ ――― ⏎  ⏎ Montage vidéo : @SK0RR0R",2026-08-24 12:34 UTC
Squeezie,QQm5J3oQQ6s,https://www.youtube.com/watch?v=QQm5J3oQQ6s,"16 ANS PLUS TARD, UN NOUVEAU WORLD OF TANKS ?! (HEAT)",declare_ET_sponsorblock,oui,1,,,collaboration commerciale,926,oui,non,"Viens découvrir HEAT, le nouveau jeu de Wargaming ! Si tu es nouveau sur Wargaming, utilise le code “WOTHEATLIVE” pour avoir des tonnes de cadeaux !  https://heat.ly/Squeezie ⏎ Cette vidéo est une collaboration commerciale avec Wargaming. ⏎ 💚 Mon équipe Esport, les Gentle Mates : https://gentlemates.com ⏎ 💜 Follow mon Twitch pour ne pas rater mon prochain live : https://twitch.tv/squeezie ⏎ 🔔 ABONNE-TOI : https://bit.ly/2NLgbSC (au moins 2 best of chaque semaine) ⏎ 🎮 Retrouve toutes les rediffusions sur ma chaîne Replay : https://bit.ly/3vASgeb ⏎ 🔥 Télécharge l'extension Squeezie pour ne rater aucun live : https://extensionsqueezie.fr ⏎  ⏎ ――― ⏎  ⏎ ⁍ Twitch : https://twitch.tv/squeezie ⏎ ⁍ Twitter : https://twitter.com/xSqueeZie ⏎ ⁍ Twitter² : https://twitter.com/SqueezieTV ⏎ ⁍ Discord : https://discord.gg/Squeezie ⏎ ⁍ Reddit : https://reddit.com/r/Squeezie ⏎  ⏎ ――― ⏎  ⏎ ⭐ Chaînes des Participants : ⏎  ⏎ @L0ckl34r  ⏎  ⏎ ――― ⏎  ⏎ Montage vidéo : @Jellieofficiel",2026-08-24 12:34 UTC
Squeezie,ujic9iH_f8M,https://www.youtube.com/watch?v=ujic9iH_f8M,LE M 😭,aucun_signal,non,0,,,,7,oui,non,#shorts,2026-08-24 12:34 UTC
Squeezie,i0Ku74-e4oQ,https://www.youtube.com/watch?v=i0Ku74-e4oQ,Il l’a achevé à cou sûr 😂,aucun_signal,non,0,,,,7,oui,non,#shorts,2026-08-24 12:34 UTC
Squeezie,mBzQLClTKus,https://www.youtube.com/watch?v=mBzQLClTKus,"UN SOURD, UN AVEUGLE ET UN MUET DOIVENT DÉSAMORCER UNE BOMBE ? IMPOSSIBLE (BOMBANANA!)",aucun_signal,non,0,,,,691,oui,non,"💚 Mon équipe Esport, les Gentle Mates : https://gentlemates.com ⏎ 💜 Follow mon Twitch pour ne pas rater mon prochain live : https://twitch.tv/squeezie ⏎ 🔔 ABONNE-TOI : https://bit.ly/2NLgbSC (au moins 2 best of chaque semaine) ⏎ 🎮 Retrouve toutes les rediffusions sur ma chaîne Replay : https://bit.ly/3vASgeb ⏎ 🔥 Télécharge l'extension Squeezie pour ne rater aucun live : https://extensionsqueezie.fr ⏎  ⏎ ――― ⏎  ⏎ ⁍ Twitch : https://twitch.tv/squeezie ⏎ ⁍ Twitter : https://twitter.com/xSqueeZie ⏎ ⁍ Twitter² : https://twitter.com/SqueezieTV ⏎ ⁍ Discord : https://discord.gg/Squeezie ⏎ ⁍ Reddit : https://reddit.com/r/Squeezie ⏎  ⏎ ――― ⏎  ⏎ ⭐ Chaînes des Participants : ⏎  ⏎ @L0ckl34r  ⏎ @Doigby  ⏎  ⏎ ――― ⏎  ⏎ Montage vidéo : @SK0RR0R",2026-08-24 12:34 UTC
Squeezie,Wj_VCuHwKCA,https://www.youtube.com/watch?v=Wj_VCuHwKCA,R.I.P. Herbert 🙏,aucun_signal,non,0,,,,7,oui,non,#shorts,2026-08-24 12:34 UTC
Squeezie,x1aWHlUwFJs,https://www.youtube.com/watch?v=x1aWHlUwFJs,Des années d’expérience pour en arriver là…,aucun_signal,non,0,,,,7,oui,non,#shorts,2026-08-24 12:34 UTC
Squeezie,uROWBIsJv_E,https://www.youtube.com/watch?v=uROWBIsJv_E,Ils vont jamais réussir à se comprendre 😭,aucun_signal,non,0,,,,7,oui,non,#shorts,2026-08-24 12:34 UTC
Squeezie,hPvEaDmNphg,https://www.youtube.com/watch?v=hPvEaDmNphg,Le pire trio pour ce jeu 💀,aucun_signal,non,0,,,,7,oui,non,#shorts,2026-08-24 12:34 UTC
Squeezie,L7sLU0_WrkA,https://www.youtube.com/watch?v=L7sLU0_WrkA,La suite du GP en cours de préparation ?,aucun_signal,non,0,,,,7,oui,non,#shorts,2026-08-24 12:34 UTC
Squeezie,iVByZ1ch2bE,https://www.youtube.com/watch?v=iVByZ1ch2bE,Inox a réalisé un rêve,aucun_signal,non,0,,,,7,oui,non,#shorts,2026-08-24 12:34 UTC
Squeezie,_Jx7mW1MC2U,https://www.youtube.com/watch?v=_Jx7mW1MC2U,On connaît enfin la vérité sur Amine ! 😂,aucun_signal,non,0,,,,7,oui,non,#shorts,2026-08-24 12:34 UTC
Squeezie,ucsXs-odx5E,https://www.youtube.com/watch?v=ucsXs-odx5E,On joue à domicile 😎  M8 vs NRG - EWC VALORANT 2026,aucun_signal,non,0,,,,609,oui,non,"💚 Mon équipe Esport, les Gentle Mates : https://gentlemates.com ⏎ 💜 Follow mon Twitch pour ne pas rater mon prochain live : https://twitch.tv/squeezie ⏎ 🔔 ABONNE-TOI : https://bit.ly/2NLgbSC (au moins 2 best of chaque semaine) ⏎ 🎮 Retrouve toutes les rediffusions sur ma chaîne Replay : https://bit.ly/3vASgeb ⏎ 🔥 Télécharge l'extension Squeezie pour ne rater aucun live : https://extensionsqueezie.fr ⏎  ⏎ ――― ⏎  ⏎ ⁍ Twitch : https://twitch.tv/squeezie ⏎ ⁍ Twitter : https://twitter.com/xSqueeZie ⏎ ⁍ Twitter² : https://twitter.com/SqueezieTV ⏎ ⁍ Discord : https://discord.gg/Squeezie ⏎ ⁍ Reddit : https://reddit.com/r/Squeezie ⏎  ⏎ ―――",2026-08-24 12:34 UTC
Squeezie,tAFRpAzZSXQ,https://www.youtube.com/watch?v=tAFRpAzZSXQ,Inox tente de lui voler son ace ! 😱,aucun_signal,non,0,,,,7,oui,non,#shorts,2026-08-24 12:34 UTC
Inoxtag,Vj6ReOur1Kk,https://www.youtube.com/watch?v=Vj6ReOur1Kk,"100 défis en une Journée Challenge #4 (Ft Michou, Anyme et Nico)",sponsorblock_seul,non,2,,,merci a,626,oui,non,"Merci à air up : mon code INOXTAG offre 10% de réduction sur le site (hors coffrets en cours) https://airup.link/inoxtag ⏎  ⏎ Avec les freros Michou, Anyme et Nico, on repart pour un nouvelle épisode de la bucket-list (100 défis en une journée) où on doit réussir le plus de défis en une journée! Cette épisode ne s'est pas toujours passé comme prévu..  ⏎  ⏎ Merci à Michou, Anyme et Nico pour leur participation dans la vidéo! ⏎  ⏎ Producteur : Mathieu Caquelard ⏎ Auteur : Mathieu Caquelard, Guillaume Darras, Raska, Sergo ⏎ Cadreurs : Hugo Leclerc, Denys ⏎ Montage : LaVerdure ⏎ Motion : Yannis Thorel ⏎ Étalonnage : Sefy  ⏎ Mixage : Simon Luu-Van",2026-08-24 12:34 UTC
Inoxtag,XgW3Nnskq8Q,https://www.youtube.com/watch?v=XgW3Nnskq8Q,Dégustation dans le plus grand buffet d’Europe et je découvre ma nouvelle voiture (ft.GMK),sponsorblock_seul,non,1,@lesproduitslaitiers,CNIEL,merci a | merci aux,993,oui,non,"Merci aux Produits Laitiers de nous avoir accompagnés sur ce projet et cette dégustation du plus grand plateau de fromage au monde !  Pour celles et ceux qui voudraient devenir fromager : https://www.fromagersdefrance.com/devenir-fromager/ ⏎  ⏎ Aujourd'hui nouvelle vidéo, une journée chill avec GMK ! J'embarque le frérot avec moi pour aller tester le plus grand buffet d'Europe à Narbonne ! Je peux vous dire qu'on s'est littéralement pété le bide. Mais c'est aussi le jour J pour ma voiture. Ça fait maintenant deux mois que j'ai confié mon véhicule à GMK. Sa mission ? Changer entièrement le covering et remettre totalement à neuf ma M3 CS (elle est magnifique)... ⏎  ⏎ J'ai hâte de lire vos retours et de savoir ce que vous pensez du nouveau look de la voiture en commentaires ⏎  ⏎ Produit par Inoxtag  ⏎ Chargé de Production - Post Production : Guillaume Darras  ⏎ Monteuse : Clotilde Astie  ⏎ Miniature : Aziatack ⏎ Motion Design : Gatrio Kenji ⏎ Etalonnage : Pierre Brière ⏎ Mix & Sound design : Simon Luu-Van",2026-08-24 12:34 UTC
Inoxtag,OR5vNsxPTe0,https://www.youtube.com/watch?v=OR5vNsxPTe0,"QUI TROUVERA LES 7 DIFFÉRENCES ?(Ft Kameto, Byilhan et Flamby)",sponsorblock_seul,non,1,,,,1723,oui,non,"« Les Avants-Premières » chez Dyson jusqu’au 23/06 et les Soldes d’été du 24 juin au 10 juillet, sur mon lien. https://klsq.io/q1x7fd ⏎ Avec le code INOXTAG -5% dès 499 € et -10% dès 799 € d’achat (valable jusqu’au 27 juin) ⏎  ⏎  ⏎ Producteur : Inoxtag ⏎ Production exécutive : IDZ PROD ⏎ Productrice exécutive : Camille Selosse ⏎ Directeur de production : Loris Guy ⏎ Chargée de production : Éline Defois ⏎ Assistante de production : Lila Lefebvre ⏎ Renfort production : Oriane Benamar ⏎ Auteurs : Raska, Mathieu Caquelard, Guillaume Darras ⏎  ⏎ Réalisateur : Filip Trad - FILMAR ⏎ Directeur technique/ OPV remote : Wandrille Robert ⏎ Adjointe technique : Maëva De La Encarnacion ⏎ Technicien vidéo : Élie Youcef ⏎ Directeur de photographie : François Décréau ⏎ Chef électricien : Nicolas Lefièvre ⏎ Pupitreur-électricien : Yann Seach ⏎ Électricienne : Ambre Lardeux ⏎ Chef OPS : Ivan Le Borgne - KRAFT ⏎ Assistant son : Vincent Robidou ⏎ Directrice de casting : Amitié de Beauregard ⏎ Chef décorateur : Armand Basset - ARTECH DÉCO ⏎ Cheffe costumière : André Djidjirian ⏎ Habilleuse : Nayé Diallo ⏎ Cheffe maquilleuse : Andrea Amouyal ⏎ Maquilleur : Félix Surowy ⏎ Régisseur général : Bertrand Fecci ⏎  ⏎ Comédien commissaire-priseur : Gauthier Vallois ⏎ Silhouettes tableaux : Sylvain Marceau, Francis Vernet, Pierre Touvet, Zac Andria, Job Abuba, Vivien Philipot, Amélie Duvinage et Clémence Beauxis ⏎  ⏎ Inoxtag corp :  ⏎  ⏎ Responsable des opérations : Mathieu Caquelard ⏎ Prod : Thomas Lescuri",2026-08-24 12:34 UTC
Inoxtag,qJgvVi6pgP8,https://www.youtube.com/watch?v=qJgvVi6pgP8,24H seul dans la nature avec mon chien (Ft. ACE),sponsorblock_seul,non,1,,,collaboration commerciale | merci a,917,oui,non,"➡️ -10% de réduction sur la plupart des modèles TentBox : https://visit.tentbox.com/homepage-inoxtag ⏎  ⏎ Le retour des beaux jours sont ENFIN là ! Pour l'occasion, je vous embarque dans une aventure totalement différente de d'habitude : je pars en duo en Suisse avec Ace pour passer 24 heures de pur dépaysement en pleine montagne. C'est un tout nouveau format que je teste aujourd'hui, j'espère que vous allez kiffer. J'ai hâte d'avoir vos retours en commentaire. N'oubliez pas le petit pouce bleu, abonnez-vous, et c'est parti pour l'aventure ! ⏎  ⏎  ⏎  ⏎ Merci à @audifrance pour la mise à disposition de l’Audi SQ6 e-tron qui nous a accompagné sur ce tournage. ⏎  ⏎ COLLABORATION COMMERCIALE ⏎  ⏎ Produit par Inoxtag  ⏎  ⏎ Producteur : Thomas Lescurieux ⏎ Réalisateur : Benoît Marzouvanlian ⏎  ⏎ Monteuse : Clothilde Astie ⏎ Miniature : Aziatack ⏎ Motion Design : Antoine Duseo ⏎ Etalonnage : Inès Henry-Manceau ⏎ Mix & Sound design : Gautier Decline",2026-08-24 12:34 UTC
Inoxtag,dLA3m_NfmUw,https://www.youtube.com/watch?v=dLA3m_NfmUw,On a créé une nouvelle Boisson ! La vérité sur CIAO energy (Ft. Squeezie et Léna situation),aucun_signal,non,0,,,,679,oui,non,"5 ans après Gang Potion, on a enfin réussi à créer notre marque de boisson énergisante avec Squeezie et Léna Situations : Ciao Energy ! Disponible partout en France dès lundi. 🚀 ⏎ Cette vidéo vous montre les coulisses de la création d'une boisson énergisante de la façon la plus saine possible. Du jour 1 où on a lancé l’idée  qui remonte à plus d'un an maintenant , il ne vous reste plus qu’une chose à faire : aller tester tous les goûts en magasin.  ⏎ J’espère que vous allez kiffer ! 🔥 ⏎  ⏎  ⏎ Producteur : Inoxtag ⏎ Gestion de post production : Guillaume Darras ⏎ Monteur : Tom Novo ⏎ Etalonnage : Hugues Dardart ⏎ Mix : Simon Luu-Van ⏎ Motion Design : Gatrio Kenji ⏎ FX Wii Bowling : Tom Fraysse",2026-08-24 12:34 UTC
Inoxtag,2pJ-v7Gb9pw,https://www.youtube.com/watch?v=2pJ-v7Gb9pw,"QUI TROUVERA LES 7 DIFFÉRENCES ? (Ft Michou, Valouzz et Lebouseuh)",sponsorblock_seul,non,1,,,,1964,oui,non,"Le lien Ultrapremiumdirect : https://www.ultrapremiumdirect.com/?utm_source=Youtube&utm_medium=partenariat&utm_campaign=inoxtag-youtube-25042026 ⏎  ⏎ Avec le code INOXTAG, bénéficiez de -25% de réduction pour les nouveaux clients et de -15% pour les anciens clients sur tout le site ultrapremiumdirect.com jusqu'au 23/05 (code valable en France et Belgique)  ⏎  ⏎ Nouveau concept sur cette chaine, j'espère que vous allez kiffer ! ⏎  ⏎  ⏎ Producteur : Inoxtag ⏎ Production exécutive : IDZ PROD ⏎ Productrice exécutive : Camille Selosse ⏎ Directeur de production : Loris Guy ⏎ Chargée de production : Éline Defois ⏎ Assistante de production : Lila Lefebvre ⏎ Renfort production : Oriane Benamar ⏎ Auteurs : Raska, Mathieu Caquelard, Guillaume Darras ⏎  ⏎ Réalisateur : Filip Trad - FILMAR ⏎ Directeur technique/ OPV remote : Wandrille Robert ⏎ Adjointe technique : Maëva De La Encarnacion ⏎ Technicien vidéo : Élie Youcef ⏎ Directeur de photographie : François Décréau ⏎ Chef électricien : Nicolas Lefièvre ⏎ Pupitreur-électricien : Yann Seach ⏎ Électricienne : Ambre Lardeux ⏎ Chef OPS : Ivan Le Borgne - KRAFT ⏎ Assistant son : Vincent Robidou ⏎ Directrice de casting : Amitié de Beauregard ⏎ Chef décorateur : Armand Basset - ARTECH DÉCO ⏎ Cheffe costumière : André Djidjirian ⏎ Habilleuse : Nayé Diallo ⏎ Cheffe maquilleuse : Andrea Amouyal ⏎ Maquilleur : Félix Surowy ⏎ Régisseur général : Bertrand Fecci ⏎  ⏎ Comédien commissaire-priseur : Gauthier Vallois ⏎ Silhouettes tableaux : Sylvain Marce",2026-08-24 12:34 UTC
Inoxtag,Np_Fc7tWXus,https://www.youtube.com/watch?v=Np_Fc7tWXus,"4 vs 1 (Qui remportera le plus d’épreuves ?!  (ft. Djilsi, Lebouseuh, MaximeBiaggi)",sponsorblock_seul,non,2,,,,1589,oui,non,"-15% sur tout le site Rhinoshield avec le code :  INOX   ⏎ https://url.rhinoshield.fr/Inox-Easter-YTB ⏎  ⏎ 2e épisode de ce concept que vous aviez adoré, 4 AMATEUR vs 1 PRO ! cette fois ci on affronte des champions de power lifting, de dodgeball, d’apnée et d’échecs ! ⏎  ⏎ Remerciement à :   ⏎ Brutus le Robuste  ⏎ Léandre Damas  ⏎ Guillaume Nery  ⏎ Julien Song ⏎  ⏎ Produit par Inoxtag  ⏎ Producteur : Thomas Lescurieux ⏎ Production executive : Mothaiba ⏎ Réalisateur : Yassine Lahmidi ⏎ Assistante réal : Charline Simo ⏎ Chef OPV : Gio Bernardin ⏎ Responsable Technique : Maxime Cherifi ⏎ Cadreurs : Enzo Meslard, Alexandre Nettour, Alexandre PICKE ⏎ Cadreur sous-marin : Arpheno ⏎ Assistantes Caméras : Célia Lebreton et Stella Sauce ⏎ Electros : Vadim Sayde, Noé Dingoyan, Jérémie Veuthey ⏎ Photographe Plateau : Cassandra Chevalier ⏎ Chef opérateur son : Mathieu Orban ⏎ Directrice de la production : Yasmine Rouar ⏎ Chargée de production : Isilde Ruaud ⏎ Assistantes de production : Claire Laforgue et Jeanne Phelippot ⏎ Administratrice de production : Maéva Fernandez ⏎ Régisseur : Ando Andriamadison ⏎ Aide plongeur sous-marin : Jean-Marc Nguyen  ⏎ Graphisme : Nathan Garino ⏎ 3D : Timothé Leang ⏎ Voix off Échec : Gartin  ⏎ Explication echecs : EGO ⏎  ⏎ Inoxtag corp :  ⏎  ⏎ Responsable Delivery : Pauline Victor  ⏎ Responsable des partenariats : Ferdinand Maupin ⏎  ⏎  ⏎ Post-production :  ⏎  ⏎ Monteur : Maxime Tremesaigue - Spyro ⏎ Miniature : Aziatack ⏎ Graphisme : Nathan Garino ⏎ 3D :",2026-08-24 12:34 UTC
Inoxtag,PIU-UTQZpdU,https://www.youtube.com/watch?v=PIU-UTQZpdU,Ma transformation physique après 3 ans de sports ! (Ft. Mangaworkout),sponsorblock_seul,non,2,,,merci a,587,oui,non,3 mois gratuit sur Deezer Premium avec le code DEEZER-INOX  https://dzr.fm/inoxtag_yt ⏎  ⏎ Bilan muscu 3 ans après ma transformation physique ! Encore merci à Idriss mon coach @Mangaworkout pour l’apprentissage !  ⏎  ⏎ Produit par Inoxtag  ⏎  ⏎ Production :  ⏎ Directeur de production : Thomas Lescurieux  ⏎ Réalisateur : Martin Frappat ⏎ Chef opérateur : Antoine Chapus  ⏎  ⏎  ⏎ Equipe Inoxtag :  ⏎ Responsable Delivery : Pauline Victor  ⏎ Responsable des partenariats : Ferdinand Maupin ⏎  ⏎ Post-production :  ⏎ Monteur : Spyro ⏎ VFX UX : Dylan Sachi ⏎ Miniature : Aziatack ⏎ Etalonnage : Hugues Dardart ⏎ Mix  : David Amsalem,2026-08-24 12:34 UTC
Inoxtag,fBDthDYA8NE,https://www.youtube.com/watch?v=fBDthDYA8NE,Qui fera le meilleur projet ? (THE PROJECT épisode 3) Ft. Carlito et Bigflo,sponsorblock_seul,non,1,,,collaboration commerciale | merci a,2675,oui,non,"Avec le soutien de Revolut et la collaboration de Qui veut être mon associé !  ⏎  ⏎ ➤ ​Revolut Business: 80€ offerts en ouvrant un compte pour votre entreprise avec ce lien : https://revolutbusiness.onelink.me/jLOt/Inoxtag ⏎ ➤ ​Revolut : 20€ offerts en ouvrant un compte pour vous et tirage au sort pour gagner 10 000€  : https://get.revolut.com/z4lF/InoxProject ⏎  ⏎ La chaine officielle de QVEMA : https://www.youtube.com/@QVEMA ⏎ Les épisodes de QVEMA en intégralité sur M6+ : https://www.m6.fr/m6plus/-top-5-m6-f_1397 ⏎  ⏎ Produit par Inoxtag  ⏎ Producteur exécutif : Samy  ⏎  ⏎ Production :  ⏎  ⏎ Directrice de production : Pauline Perrot  ⏎ Assistante de production : Seryne Bonardi  ⏎ Assistants réalisateur : Jordan Clément & Maxime Roux ⏎ Chef opérateur : Martin Laugery  ⏎ Assistants OPV : Noé Bouchitté, Laurent Hannoun & Elie Leber  ⏎ Cadreurs : César Cadene, Manon Pinet, Katia Hamnane, Elie Leber, Capucine Lafontaine, Laurent Hannoun  ⏎ Chef électricien : Sébastien Plessis  ⏎ Electricien : Perrine Lauras ⏎ Pupitreur : Jordan Leroy  ⏎ Chef machiniste : Bastien Masse ⏎ Machiniste : Zuy Viraphong ⏎ Chef OPS : Ivan Le Borgne ⏎ Assistants son : Corentin Vigot & Quentin Larnicol  ⏎ Régisseur général : Steven Joacin  ⏎ Régisseurs : Aliénor Savattier & Foucauld Bayle ⏎ Chef maquilleur jury : Joséphine Richard & Haifa Baccour  ⏎ Studio : VPH  ⏎ Set design : Studio Hurlant/Deco2000  ⏎ Accessoiriste : Maëlia Sorel de Lavareille & Benjamin Nekrouf ⏎  ⏎ Equipe Inoxtag :  ⏎  ⏎ Directrice ",2026-08-24 12:34 UTC
Inoxtag,1ixQSCExYbU,https://www.youtube.com/watch?v=1ixQSCExYbU,"6 abrutis, un jeu de société (Épisode 2) ft Amine, Byilhan, Nico, Flamby, You",sponsorblock_seul,non,2,,,,1513,oui,non,"Avec mon lien : https://www.hellofresh.fr/inoxdessert  ⏎ le dessert est offert à vie + la première Box à partir de moins de 3€ par portion. ⏎ Offre valable en France, jusqu'au 28/02, pour les nouveaux clients et ceux ayant résilié leur abonnement depuis plus d'un an.  ⏎  ⏎ On s'excuse du niveau cataclysmique des joueurs de cette épisode 2.. Dites moi si vous voulez un 3ème épisode et avec qui vous le voulez !  ⏎  ⏎ Réalisé par Sefy ⏎ Une production Radiance ⏎ Directeur de production : Jean-Marie Gomis ⏎ Chargé de production  : Raphaël Rennes ⏎  ⏎ 1ère Assistante Réalisatrice : Joséphine Maillard ⏎  ⏎ Chef Opérateur : Kevin Zephyr ⏎ Assistant Caméra : Hugo Cheze ⏎ Cadreurs : letriplesept, 5heuresdumatin, Hugo Leclerc, Martin Auxerre ⏎  ⏎ Opérateur vidéo : Martin Auxerre ⏎ Ingénieur du son : Thibault Paoli ⏎ Chef électricien : Tom Martinelli  ⏎ Electricien : Bastien Petitjean, Joffrey Ramananjoana ⏎ Chef machiniste : Lorenzo Pordone ⏎ Machiniste : Nathan Leblanc ⏎ Chef décoratrice : Camille Bonsergent ⏎ Décoratrice : Mana Schaeffer ⏎ Plateau de jeu : Adrian FAUCHEUR (F.Factory) ⏎ Makeup Artist : Eleonore Peyret ⏎ Régisseur général : Léo Ramognino ⏎ Régisseur adjoint : Vito Pasquier ⏎ Régisseur : Adam Halimi ⏎  ⏎ Montage : Maxime Tremesaigues - Spyro ⏎ Mix son : Simon Luu-Van ⏎ Motion Design règles : Josselin Romé ⏎ Motion design cartes : Justin Buisson et Ryan Turmel  ⏎ Etalonnage : Sefy ⏎  ⏎ Responsable  Delivery : Pauline Victor ⏎ Directeur des opérations : Mathieu Caquelard ",2026-08-24 12:34 UTC
Inoxtag,iKiWdarTTFg,https://www.youtube.com/watch?v=iKiWdarTTFg,Qui fera le meilleur projet ? (THE PROJECT épisode 2) Ft. GMK et Ragnar,sponsorblock_seul,non,1,,,collaboration commerciale | merci a,2522,oui,non,"Avec le soutien de Revolut et la collaboration de Qui veut être mon associé !  ⏎  ⏎ ➤ ​Revolut Business: 80€ offerts en ouvrant un compte pour votre entreprise avec ce lien : https://revolutbusiness.onelink.me/jLOt/Inoxtag ⏎ ➤ ​Revolut : 20€ offerts en ouvrant un compte pour vous et tirage au sort pour gagner 10 000€  : https://get.revolut.com/z4lF/InoxProject ⏎   ⏎ La chaine officielle de QVEMA : https://www.youtube.com/@QVEMA ⏎ Les épisodes de QVEMA en intégralité sur M6+ : https://www.m6.fr/m6plus/-top-5-m6-f_1397 ⏎  ⏎ Produit par Inoxtag  ⏎ Producteur exécutif : Samy  ⏎  ⏎ Production :  ⏎  ⏎ Directrice de production : Pauline Perrot  ⏎ Assistante de production : Seryne Bonardi  ⏎ Assistants réalisateur : Jordan Clément & Maxime Roux ⏎ Chef opérateur : Martin Laugery  ⏎ Assistants OPV : Noé Bouchitté, Laurent Hannoun & Elie Leber  ⏎ Cadreurs : César Cadene, Manon Pinet, Katia Hamnane, Elie Leber, Capucine Lafontaine, Laurent Hannoun  ⏎ Chef électricien : Sébastien Plessis  ⏎ Electricien : Perrine Lauras ⏎ Pupitreur : Jordan Leroy  ⏎ Chef machiniste : Bastien Masse ⏎ Machiniste : Zuy Viraphong ⏎ Chef OPS : Ivan Le Borgne ⏎ Assistants son : Corentin Vigot & Quentin Larnicol  ⏎ Régisseur général : Steven Joacin  ⏎ Régisseurs : Aliénor Savattier & Foucauld Bayle ⏎ Chef maquilleur jury : Joséphine Richard & Haifa Baccour  ⏎ Studio : VPH  ⏎ Set design : Studio Hurlant/Deco2000  ⏎ Accessoiriste : Maëlia Sorel de Lavareille & Benjamin Nekrouf ⏎  ⏎ Equipe Inoxtag :  ⏎  ⏎ Directrice",2026-08-24 12:34 UTC
Inoxtag,4PdVIBupDr8,https://www.youtube.com/watch?v=4PdVIBupDr8,Qui fera le meilleur projet ? (THE PROJECT épisode 1) Ft. Nico et FastgoodCuisine,sponsorblock_seul,non,1,,,collaboration commerciale | merci a,2418,oui,non,"Avec le soutien de Revolut et la collaboration de Qui veut être mon associé !  ⏎  ⏎ ➤ ​Revolut Business: 80€ offerts en ouvrant un compte pour votre entreprise avec ce lien : https://revolutbusiness.onelink.me/jLOt/Inoxtag ⏎ ➤ ​Revolut : 20€ offerts en ouvrant un compte pour vous et tirage au sort pour gagner 10 000€  : https://get.revolut.com/z4lF/InoxProject ⏎  ⏎ La chaine officielle de QVEMA : https://www.youtube.com/@QVEMA ⏎ Les épisodes de QVEMA en intégralité sur M6+ : https://www.m6.fr/m6plus/-top-5-m6-f_1397 ⏎  ⏎ Produit par Inoxtag  ⏎ Producteur exécutif : Samy  ⏎  ⏎ Production :  ⏎ Directrice de production : Pauline Perrot  ⏎ Assistante de production : Seryne Bonardi  ⏎ Assistants réalisateur : Jordan Clément & Maxime Roux ⏎ Chef opérateur : Martin Laugery  ⏎ Assistants OPV : Noé Bouchitté, Laurent Hannoun & Elie Leber  ⏎ Cadreurs : César Cadene, Manon Pinet, Katia Hamnane, Elie Leber, Capucine Lafontaine, Laurent Hannoun  ⏎ Chef électricien : Sébastien Plessis  ⏎ Electricien : Perrine Lauras ⏎ Pupitreur : Jordan Leroy  ⏎ Chef machiniste : Bastien Masse ⏎ Machiniste : Zuy Viraphong ⏎ Chef OPS : Ivan Le Borgne ⏎ Assistants son : Corentin Vigot & Quentin Larnicol  ⏎ Régisseur général : Steven Joacin  ⏎ Régisseurs : Aliénor Savattier & Foucauld Bayle ⏎ Chef maquilleur jury : Joséphine Richard & Haifa Baccour  ⏎ Studio : VPH  ⏎ Set design : Studio Hurlant/Deco2000  ⏎ Accessoiriste : Maëlia Sorel de Lavareille & Benjamin Nekrouf ⏎  ⏎ Equipe Inoxtag :  ⏎  ⏎ Directrice Del",2026-08-24 12:34 UTC
Inoxtag,-Df37BHYft8,https://www.youtube.com/watch?v=-Df37BHYft8,"6 abrutis, un jeu de société (ft Amine, Byilhan, Nico, Flamby, You)",declare_ET_sponsorblock,oui,1,,,,1429,oui,non,"Yo l'équipe !  ⏎ -15% sur tout le site Rhinoshield avec le code Inox : https://url.rhinoshield.fr/Inox-BX25 ⏎  ⏎ Petite vidéo chill pour cette fin d'année avec les potos Amine, Byilhan, Nico, Flamby et You. J'espère que vous avez kiffé la vidéo, n'hésitez pas à me dire si vous voulez un épisode 2 !  ⏎ Bonnes fêtes de fin d'année !  ⏎  ⏎ Réalisé par Sefy ⏎ Une production Radiance ⏎ Directeur de production : Jean-Marie Gomis ⏎ Chargé de production  : Raphaël Rennes ⏎  ⏎ 1ère Assistante Réalisatrice : Joséphine Maillard ⏎  ⏎ Chef Opérateur : Kevin Zephyr ⏎ Assistant Caméra : Hugo Cheze ⏎ Cadreurs : letriplesept, 5heuresdumatin, Hugo Leclerc, Martin Auxerre ⏎  ⏎ Opérateur vidéo : Martin Auxerre ⏎ Ingénieur du son : Thibault Paoli ⏎ Chef électricien : Tom Martinelli  ⏎ Electricien : Bastien Petitjean, Joffrey Ramananjoana ⏎ Chef machiniste : Lorenzo Pordone ⏎ Machiniste : Nathan Leblanc ⏎ Chef décoratrice : Camille Bonsergent ⏎ Décoratrice : Mana Schaeffer ⏎ Plateau de jeu : Adrian FAUCHEUR (F.Factory) ⏎ Makeup Artist : Eleonore Peyret ⏎ Régisseur général : Léo Ramognino ⏎ Régisseur adjoint : Vito Pasquier ⏎ Régisseur : Adam Halimi ⏎  ⏎ Montage : Maxime Tremesaigues - Spyro ⏎ Mix son : Simon Luu-Van ⏎ Motion Design règles : Josselin Romé ⏎ Motion design cartes : Justin Buisson et Ryan Turmel  ⏎ Etalonnage : Sefy ⏎  ⏎ Directrice Delivery : Pauline Victor ⏎ Directeur des opérations : Mathieu Caquelard  ⏎ Chargé de production : Thomas Lescurieux ⏎ Directeur des partenariats : Ferdina",2026-08-24 12:34 UTC
Inoxtag,ar0u5zwuRFY,https://www.youtube.com/watch?v=ar0u5zwuRFY,24h à la pêche (on a été catastrophique…) ft. Lebouseuh et Ace,declare_ET_sponsorblock,oui,1,,,,515,oui,non,"Yo l'équipe ! Nouvelle vidéo avec Lebouseuh et mon Ace où on passe une journée à la pêche, ca s'est pas vraiment passé comme on le voulait..  ⏎ Hésitez pas à commenter et liker la vidéo si elle vous a plu !  ⏎  ⏎ Pour tous les nouveaux clients Ultra Premium Direct, bénéficiez de -25% de réduction pendant 48h, puis de 20% avec le code INOX jusqu'au 30/08/2025 (code valable en France et Belgique) ⏎  ⏎ Le site : https://www.ultrapremiumdirect.com/?utm_source=Youtube&utm_medium=partenariat&utm_campaign=inox-youtube-28062025",2026-08-24 12:34 UTC
Inoxtag,5UwqsfocsAE,https://www.youtube.com/watch?v=5UwqsfocsAE,3 Jours pour traverser une chaine de montagne à ski ! (C'était chaud...),sponsorblock_seul,non,1,,,,1024,oui,non,"Yo l'équipe, nouvelle vidéo sur notre préparation en vu de l'ascension de l'aiguille verte. On a bien galéré avec Mathis ! J'espère que vous allez kiffer la vidéo, hésitez pas à donner vos retours dans les commentaires  ⏎  ⏎ Je tiens à remercier Sport 2000 pour les conseils personnalisés en magasins…retrouvez la liste de l’ensemble des magasins et les meilleurs offres du moment sur : https://fcld.ly/sport2000  ⏎  ⏎ Producteur artistique Inoxtag : Mathieu Caquelard ⏎ Directrice de post-production : Camille Gachet ⏎ Chargé de production : Thomas Lescurieux  ⏎ Partnership manager Inoxtag : Ferdinand Maupin ⏎ Cheffe de projet Inoxtag : Pauline Victor ⏎ Guide de hautes montagnes et chef d’expédition : Mathis Dumas ⏎  ⏎ Monteur  : Spyro  ⏎ Graphisme et motion design titrages  : Justin Buisson, Ryan Turmel  ⏎ Miniature : Aziatack ⏎ Etalonnage : Inès Henry-Manceau, Alexandre Queyrous ⏎ Mix / sound design : David Amsalem ⏎  ⏎ Carte 3D :  ⏎ 3d artist : Liam Pannier  ⏎  ⏎ Remerciements :  ⏎ Guide de haute montagne : Jehan Roland-Guillot ⏎ Cadrage : Florian Keller",2026-08-24 12:34 UTC
Valouzz,kA9mQiTCF8w,https://www.youtube.com/watch?v=kA9mQiTCF8w,تعليم الألوان للأطفال أغنية باللغة الإنجليزية مع البطة و الكرات الملونة #color_song,aucun_signal,non,0,,,,620,oui,non,صدقائي اليوم سنتعلم الألوان باللغة العربية و الإنجليزية مع الكرات الملونة مثل أحمر أخضر أزرق وردي برتقالي بنفسجي أصفر بني بطريقة سهلة و مسلية هيا معا لنحول الكرات لعدة ألوان مختلفة  ⏎  للأطفال أغنية باللغة الإنجليزية مع ماشا والدب الكرات الملونة #color_song ⏎  ⏎ تعليم الألوان للأطفال أغنية باللغة الإنجليزية مع البطة و الكرات الملونة #color_song ⏎  ⏎ تعليم_الاطفال #تعليم_أطفال #تعليم ⏎  ⏎ كرتون بالعربى..تعليم الالوان للاطفال باللغة العربية والألمانية..مع الدجاج والكرات الملونة ⏎  ⏎ #الالوان #تعليم_الألوان #تعليم_الأطفال #اطفال #أطفال #colors #الحروف_العربيه #الحروف #الحروف_الهجائية ⏎ #ماشا_والدب#peppapig #mashaandthebear #mashaeourso,2026-08-24 12:34 UTC
Valouzz,FCgdBuftG3s,https://www.youtube.com/watch?v=FCgdBuftG3s,تعليم الألوان للأطفال أغنية باللغة الإنجليزية مع البطة و الكرات الملونة #color_song,aucun_signal,non,0,,,,620,oui,non,صدقائي اليوم سنتعلم الألوان باللغة العربية و الإنجليزية مع الكرات الملونة مثل أحمر أخضر أزرق وردي برتقالي بنفسجي أصفر بني بطريقة سهلة و مسلية هيا معا لنحول الكرات لعدة ألوان مختلفة  ⏎  للأطفال أغنية باللغة الإنجليزية مع ماشا والدب الكرات الملونة #color_song ⏎  ⏎ تعليم الألوان للأطفال أغنية باللغة الإنجليزية مع البطة و الكرات الملونة #color_song ⏎  ⏎ تعليم_الاطفال #تعليم_أطفال #تعليم ⏎  ⏎ كرتون بالعربى..تعليم الالوان للاطفال باللغة العربية والألمانية..مع الدجاج والكرات الملونة ⏎  ⏎ #الالوان #تعليم_الألوان #تعليم_الأطفال #اطفال #أطفال #colors #الحروف_العربيه #الحروف #الحروف_الهجائية ⏎ #ماشا_والدب#peppapig #mashaandthebear #mashaeourso,2026-08-24 12:34 UTC
