chaine_demandee,chaine_resolue,nature_de_la_chaine,channel_id,video_id,url,titre,publiee,s1_declaree,s2_segments_sponsorblock,s2_positions,s3_alias_filiere,s3_entites_filiere,s3_indices,s3_familles_indices,s4_alias_transcription,s4_entites_transcription,s4_extraits,soustitres_annonces,description,releve_le
Squeezie,SQUEEZIE,principale,UCWeg2Pkate69NFdBeuRFTAw,OLcQ-OS8Jws,https://www.youtube.com/watch?v=OLcQ-OS8Jws,Impossible de savoir qui va tomber 😧,2026-07-26T13:11:01+00:00,non,0,,,,,0,,,,non,,2026-08-24 16:42 UTC
Squeezie,SQUEEZIE,principale,UCWeg2Pkate69NFdBeuRFTAw,yHD9dSVSs_0,https://www.youtube.com/watch?v=yHD9dSVSs_0,L'instinct en question 😂,2026-07-26T13:09:52+00:00,non,0,,,,,0,,,,non,,2026-08-24 16:42 UTC
Squeezie,SQUEEZIE,principale,UCWeg2Pkate69NFdBeuRFTAw,CXJJC1nJfxU,https://www.youtube.com/watch?v=CXJJC1nJfxU,Qui a bu le Ciao Energy goût vomi ?,2026-07-22T05:11:16+00:00,non,0,,,,,0,,,,non,,2026-08-24 16:42 UTC
Squeezie,SQUEEZIE,principale,UCWeg2Pkate69NFdBeuRFTAw,f9yeoia7XW8,https://www.youtube.com/watch?v=f9yeoia7XW8,Il a tenu 8 minutes dans un bain gelé,2026-07-22T05:10:32+00:00,non,0,,,,,0,,,,non,,2026-08-24 16:42 UTC
Squeezie,SQUEEZIE,principale,UCWeg2Pkate69NFdBeuRFTAw,Y27lEBf-hMw,https://www.youtube.com/watch?v=Y27lEBf-hMw,Qui se fait attaquer par un chien ? 🤨,2026-07-22T05:09:17+00:00,non,0,,,,,0,,,,non,,2026-08-24 16:42 UTC
Squeezie,SQUEEZIE,principale,UCWeg2Pkate69NFdBeuRFTAw,W724vMcIcfc,https://www.youtube.com/watch?v=W724vMcIcfc,Un ancien concept fait son retour &quot;Qui a l'objet piégé ?&quot;,2026-07-21T17:43:37+00:00,non,0,,,,,0,,,,non,,2026-08-24 16:42 UTC
Squeezie,SQUEEZIE,principale,UCWeg2Pkate69NFdBeuRFTAw,e_zVa3JPfzY,https://www.youtube.com/watch?v=e_zVa3JPfzY,Maxime se retrouve suspendu la tête en bas 😱,2026-07-21T17:42:43+00:00,non,0,,,,,0,,,,non,,2026-08-24 16:42 UTC
Squeezie,SQUEEZIE,principale,UCWeg2Pkate69NFdBeuRFTAw,vRAPfDSmBGM,https://www.youtube.com/watch?v=vRAPfDSmBGM,"QUI AURA L'OBJET PIÉGÉ ? (ft Joyca, Maxime Biaggi, Djilsi)",2026-07-21T16:41:36+00:00,non,2,227-298s | 2865-2866s,,,,0,,,,non,,2026-08-24 16:42 UTC
Squeezie,SQUEEZIE,principale,UCWeg2Pkate69NFdBeuRFTAw,Gjab-wJw7Bo,https://www.youtube.com/watch?v=Gjab-wJw7Bo,Ils ont vraiment poussé le délire du clip jusqu'au bout 😂,2026-07-09T09:03:58+00:00,non,0,,,,,0,,,,non,,2026-08-24 16:42 UTC
Squeezie,SQUEEZIE,principale,UCWeg2Pkate69NFdBeuRFTAw,mlhGhLjDfUU,https://www.youtube.com/watch?v=mlhGhLjDfUU,"FKH - Cyberkinetic (ft Freddy Gladieux, Squeezie, Myd, Pandrezz)",2026-07-08T16:08:43+00:00,non,0,,,,,0,,,,non,,2026-08-24 16:42 UTC
Squeezie,SQUEEZIE,principale,UCWeg2Pkate69NFdBeuRFTAw,3P9hJnlPo4w,https://www.youtube.com/watch?v=3P9hJnlPo4w,"GGB - All My Life (ft Adèle Castillon, Lena, Jain, Eva)",2026-07-08T16:08:40+00:00,non,0,,,,,0,,,,non,,2026-08-24 16:42 UTC
Squeezie,SQUEEZIE,principale,UCWeg2Pkate69NFdBeuRFTAw,Eq1VlKfCwc0,https://www.youtube.com/watch?v=Eq1VlKfCwc0,"Léna, Jain, Eva et Adèle dévoilent leur hit de l’été !!!",2026-07-06T03:40:33+00:00,non,0,,,,,0,,,,non,,2026-08-24 16:42 UTC
Squeezie,SQUEEZIE GAMING,secondaire,UCY-_QmcW09PHAImgVnKxU2g,cv5xx8xgHWk,https://www.youtube.com/watch?v=cv5xx8xgHWk,"MÊME À TROIS CONTRE UN, ON AURAIT PERDU (Super Mario Party Jamboree)",2026-08-07T16:00:20+00:00,non,0,,,,,0,,,,non,,2026-08-24 16:42 UTC
Squeezie,SQUEEZIE GAMING,secondaire,UCY-_QmcW09PHAImgVnKxU2g,HGIV3tcKNZM,https://www.youtube.com/watch?v=HGIV3tcKNZM,NE TRAVAILLEZ JAMAIS DANS CETTE STATION SERVICE (Shift At Midnight),2026-08-04T16:00:19+00:00,non,0,,,,,0,,,,non,,2026-08-24 16:42 UTC
Squeezie,SQUEEZIE GAMING,secondaire,UCY-_QmcW09PHAImgVnKxU2g,QQm5J3oQQ6s,https://www.youtube.com/watch?v=QQm5J3oQQ6s,"16 ANS PLUS TARD, UN NOUVEAU WORLD OF TANKS ?! (HEAT)",2026-07-31T16:00:16+00:00,non,1,65-107s,,,,0,,,,non,,2026-08-24 16:42 UTC
Squeezie,SQUEEZIE GAMING,secondaire,UCY-_QmcW09PHAImgVnKxU2g,ujic9iH_f8M,https://www.youtube.com/watch?v=ujic9iH_f8M,LE M 😭,2026-07-30T17:15:33+00:00,non,0,,,,,0,,,,non,,2026-08-24 16:42 UTC
Squeezie,SQUEEZIE GAMING,secondaire,UCY-_QmcW09PHAImgVnKxU2g,i0Ku74-e4oQ,https://www.youtube.com/watch?v=i0Ku74-e4oQ,Il l’a achevé à cou sûr 😂,2026-07-30T17:14:40+00:00,non,0,,,,,0,,,,non,,2026-08-24 16:42 UTC
Squeezie,SQUEEZIE GAMING,secondaire,UCY-_QmcW09PHAImgVnKxU2g,mBzQLClTKus,https://www.youtube.com/watch?v=mBzQLClTKus,"UN SOURD, UN AVEUGLE ET UN MUET DOIVENT DÉSAMORCER UNE BOMBE ? IMPOSSIBLE (BOMBANANA!)",2026-07-29T16:00:35+00:00,non,0,,,,,0,,,,non,,2026-08-24 16:42 UTC
Squeezie,SQUEEZIE GAMING,secondaire,UCY-_QmcW09PHAImgVnKxU2g,Wj_VCuHwKCA,https://www.youtube.com/watch?v=Wj_VCuHwKCA,R.I.P. Herbert 🙏,2026-07-26T23:25:58+00:00,non,0,,,,,0,,,,non,,2026-08-24 16:42 UTC
Squeezie,SQUEEZIE GAMING,secondaire,UCY-_QmcW09PHAImgVnKxU2g,x1aWHlUwFJs,https://www.youtube.com/watch?v=x1aWHlUwFJs,Des années d’expérience pour en arriver là…,2026-07-26T22:22:14+00:00,non,0,,,,,0,,,,non,,2026-08-24 16:42 UTC
Squeezie,SQUEEZIE GAMING,secondaire,UCY-_QmcW09PHAImgVnKxU2g,uROWBIsJv_E,https://www.youtube.com/watch?v=uROWBIsJv_E,Ils vont jamais réussir à se comprendre 😭,2026-07-26T21:22:26+00:00,non,0,,,,,0,,,,non,,2026-08-24 16:42 UTC
Squeezie,SQUEEZIE GAMING,secondaire,UCY-_QmcW09PHAImgVnKxU2g,hPvEaDmNphg,https://www.youtube.com/watch?v=hPvEaDmNphg,Le pire trio pour ce jeu 💀,2026-07-26T20:34:55+00:00,non,0,,,,,0,,,,non,,2026-08-24 16:42 UTC
Squeezie,SQUEEZIE GAMING,secondaire,UCY-_QmcW09PHAImgVnKxU2g,L7sLU0_WrkA,https://www.youtube.com/watch?v=L7sLU0_WrkA,La suite du GP en cours de préparation ?,2026-07-26T20:06:55+00:00,non,0,,,,,0,,,,non,,2026-08-24 16:42 UTC
Squeezie,SQUEEZIE GAMING,secondaire,UCY-_QmcW09PHAImgVnKxU2g,iVByZ1ch2bE,https://www.youtube.com/watch?v=iVByZ1ch2bE,Inox a réalisé un rêve,2026-07-26T19:28:07+00:00,non,0,,,,,0,,,,non,,2026-08-24 16:42 UTC
Squeezie,Squeezie - Rediffusions,secondaire,UC7_THngP20pzk5VRHNKDvtg,JYsr4kyLlFw,https://www.youtube.com/watch?v=JYsr4kyLlFw,Super Mario Party Jamboree - Rediffusion Squeezie du 29/07,2026-08-03T16:00:34+00:00,non,0,,,,,0,,,,non,,2026-08-24 16:42 UTC
Squeezie,Squeezie - Rediffusions,secondaire,UC7_THngP20pzk5VRHNKDvtg,_46QMdF6_v0,https://www.youtube.com/watch?v=_46QMdF6_v0,World of Tanks: HEAT - Rediffusion Squeezie du 27/07,2026-07-31T16:00:19+00:00,non,0,,,,,0,,,,non,,2026-08-24 16:42 UTC
Squeezie,Squeezie - Rediffusions,secondaire,UC7_THngP20pzk5VRHNKDvtg,cGwEX1UBmhQ,https://www.youtube.com/watch?v=cGwEX1UBmhQ,Shift At Midnight - Rediffusion Squeezie du 26/07,2026-07-29T16:00:16+00:00,non,0,,,,,0,,,,non,,2026-08-24 16:42 UTC
Squeezie,Squeezie - Rediffusions,secondaire,UC7_THngP20pzk5VRHNKDvtg,8Yx8FB8acsU,https://www.youtube.com/watch?v=8Yx8FB8acsU,BOMBANANA - Rediffusion Squeezie du 26/07,2026-07-27T16:00:00+00:00,non,0,,,,,0,,,,non,,2026-08-24 16:42 UTC
Squeezie,Squeezie - Rediffusions,secondaire,UC7_THngP20pzk5VRHNKDvtg,f53yM3f6Peo,https://www.youtube.com/watch?v=f53yM3f6Peo,Meccha Chameleon - Rediffusion Squeezie du 01/07,2026-07-02T08:40:04+00:00,non,0,,,,,0,,,,non,,2026-08-24 16:42 UTC
Squeezie,Squeezie - Rediffusions,secondaire,UC7_THngP20pzk5VRHNKDvtg,WfhuTgBoA9g,https://www.youtube.com/watch?v=WfhuTgBoA9g,Meccha Chameleon - Rediffusion Squeezie du 24/06,2026-06-25T18:02:01+00:00,non,0,,,,,0,,,,non,,2026-08-24 16:42 UTC
Squeezie,Squeezie - Rediffusions,secondaire,UC7_THngP20pzk5VRHNKDvtg,1tyJNGOFPoE,https://www.youtube.com/watch?v=1tyJNGOFPoE,Resident Evil Requiem : Épisode 5 - C'est la fin... pour l'instant ? (Let's Play),2026-06-22T16:00:39+00:00,non,0,,,,,0,,,,non,,2026-08-24 16:42 UTC
Squeezie,Squeezie - Rediffusions,secondaire,UC7_THngP20pzk5VRHNKDvtg,ppPuHGIPxFw,https://www.youtube.com/watch?v=ppPuHGIPxFw,Meccha Chameleon - Rediffusion Squeezie du 17/06,2026-06-18T16:06:56+00:00,non,0,,,,,0,,,,non,,2026-08-24 16:42 UTC
Squeezie,Squeezie - Rediffusions,secondaire,UC7_THngP20pzk5VRHNKDvtg,p8h3ZSqtFks,https://www.youtube.com/watch?v=p8h3ZSqtFks,Resident Evil Requiem : Épisode 4 - Ce type nous veut du mal... (Let's Play),2026-06-17T16:06:41+00:00,non,0,,,,,0,,,,non,,2026-08-24 16:42 UTC
Squeezie,Squeezie - Rediffusions,secondaire,UC7_THngP20pzk5VRHNKDvtg,pBOHtvOLb7g,https://www.youtube.com/watch?v=pBOHtvOLb7g,Resident Evil Requiem : Épisode 3 - Une nouvelle phobie débloquée... (Let's Play),2026-06-16T16:00:25+00:00,non,0,,,,,0,,,,non,,2026-08-24 16:42 UTC
Squeezie,Squeezie - Rediffusions,secondaire,UC7_THngP20pzk5VRHNKDvtg,prWB7nWwlr4,https://www.youtube.com/watch?v=prWB7nWwlr4,Resident Evil Requiem : Épisode 2 - Il avait l'air si innocent... (Let's Play),2026-06-15T17:00:23+00:00,non,0,,,,,0,,,,non,,2026-08-24 16:42 UTC
Squeezie,Squeezie - Rediffusions,secondaire,UC7_THngP20pzk5VRHNKDvtg,bGJBLGAXl4g,https://www.youtube.com/watch?v=bGJBLGAXl4g,Resident Evil Requiem : Épisode 1 - On l’a attendu longtemps celui-là… (Let's Play),2026-06-14T16:00:09+00:00,non,0,,,,,0,,,,non,,2026-08-24 16:42 UTC
Inoxtag,Inoxtag,principale,UCL9aTJb0ur4sovxcppAopEw,doN-J9IewbA,https://www.youtube.com/watch?v=doN-J9IewbA,10 jours pour traverser les Etats-Unis sur la route 66 ! (Ft.GMK),2026-06-13T12:43:38+00:00,non,4,453-525s | 4925-4936s | 4944-4954s | 4965-4966s,,,,0,,,,non,,2026-08-24 16:42 UTC
Inoxtag,Inoxtag,principale,UCL9aTJb0ur4sovxcppAopEw,o166rK8hucA,https://www.youtube.com/watch?v=o166rK8hucA,On refais une Tier List hygiene des streamers avec Amine et Billy ! 3 ans après...,2026-04-27T22:16:29+00:00,non,0,,,,,0,,,,non,,2026-08-24 16:42 UTC
Inoxtag,Inoxtag,principale,UCL9aTJb0ur4sovxcppAopEw,3WN-uaAryhw,https://www.youtube.com/watch?v=3WN-uaAryhw,QUI REMPORTERA LES 150 000€ DE THE PROJECT (FAQ SUR L'ÉCHEC ET LA RÉUSSITE),2026-02-13T20:53:51+00:00,non,0,,,,,0,,,,non,,2026-08-24 16:42 UTC
Inoxtag,Inoxtag,principale,UCL9aTJb0ur4sovxcppAopEw,35Tjul3iLqQ,https://www.youtube.com/watch?v=35Tjul3iLqQ,On vous fait gagner 30 000e de cadeau ! Ft GMK et Michou (live spécial Noël),2025-12-17T22:14:06+00:00,non,0,,,,,0,,,,non,,2026-08-24 16:42 UTC
Inoxtag,Inoxtag,principale,UCL9aTJb0ur4sovxcppAopEw,U_nhj_Xog7c,https://www.youtube.com/watch?v=U_nhj_Xog7c,7 jours pour survivre en Jungle ! (avec la Légion étrangère),2025-11-08T13:30:24+00:00,non,1,426-472s,,,,0,,,,non,,2026-08-24 16:42 UTC
Inoxtag,Inoxtag,principale,UCL9aTJb0ur4sovxcppAopEw,-Uu-YYbGeM4,https://www.youtube.com/watch?v=-Uu-YYbGeM4,On découvre la chat de proximité sur FORTNITE ! (je sens que ça va être le bordel !),2025-09-21T21:26:31+00:00,non,0,,,,,0,,,,non,,2026-08-24 16:42 UTC
Inoxtag,Inoxtag,principale,UCL9aTJb0ur4sovxcppAopEw,CVMeLYKPVfE,https://www.youtube.com/watch?v=CVMeLYKPVfE,10 jours pour traverser l’océan Atlantique ! (ft. Guirec Soudée),2025-09-20T12:30:14+00:00,non,1,492-563s,,,,0,,,,non,,2026-08-24 16:42 UTC
Inoxtag,Inoxtag,principale,UCL9aTJb0ur4sovxcppAopEw,4OVWNE2rBsg,https://www.youtube.com/watch?v=4OVWNE2rBsg,J'AFFRONTE LA FUTURE LÉGENDE DE LA NBA AUX ECHECS (ft VICTOR WEMBANYAMA),2025-07-23T20:19:44+00:00,non,0,,,,,0,,,,non,,2026-08-24 16:42 UTC
Inoxtag,Inoxtag,principale,UCL9aTJb0ur4sovxcppAopEw,Sf7_spZ5Ggw,https://www.youtube.com/watch?v=Sf7_spZ5Ggw,RETOUR SUR FORTNITE AVEC MICHOU TAH 2018,2025-06-18T21:23:22+00:00,non,0,,,,,0,,,,non,,2026-08-24 16:42 UTC
Inoxtag,Inoxtag,principale,UCL9aTJb0ur4sovxcppAopEw,4FoylWoF1ns,https://www.youtube.com/watch?v=4FoylWoF1ns,"Qui sera le dernier survivant de La Secte (ft Michou, Byilhan et Anyme)",2025-06-14T12:30:06+00:00,non,0,,,,,0,,,,non,,2026-08-24 16:42 UTC
Inoxtag,Inoxtag,principale,UCL9aTJb0ur4sovxcppAopEw,SIKpSevc_Fk,https://www.youtube.com/watch?v=SIKpSevc_Fk,J'ai une chose à vous annoncer à 20:22 ! Petit live détente !,2025-05-29T19:03:14+00:00,non,0,,,,,0,,,,non,,2026-08-24 16:42 UTC
Inoxtag,Inoxtag,principale,UCL9aTJb0ur4sovxcppAopEw,OQsuvRNHSJI,https://www.youtube.com/watch?v=OQsuvRNHSJI,Une soirée pour tenter de finir ce jeu HARDCORE ! &quot;12 MINUTES &quot; Ft. Byilhan,2025-05-23T00:36:29+00:00,non,0,,,,,0,,,,non,,2026-08-24 16:42 UTC
Inoxtag,Inoxtag 2.0,secondaire,UCo6Z9cEI8Hf3nyrLUfDITtA,Vj6ReOur1Kk,https://www.youtube.com/watch?v=Vj6ReOur1Kk,"100 défis en une Journée Challenge #4 (Ft Michou, Anyme et Nico)",2026-07-11T12:30:03+00:00,non,2,526-555s | 3542-3551s,,,,0,,,,non,,2026-08-24 16:42 UTC
Inoxtag,Inoxtag 2.0,secondaire,UCo6Z9cEI8Hf3nyrLUfDITtA,XgW3Nnskq8Q,https://www.youtube.com/watch?v=XgW3Nnskq8Q,Dégustation dans le plus grand buffet d’Europe et je découvre ma nouvelle voiture (ft.GMK),2026-06-27T12:30:18+00:00,non,1,635-711s,,,,0,,,,non,,2026-08-24 16:42 UTC
Inoxtag,Inoxtag 2.0,secondaire,UCo6Z9cEI8Hf3nyrLUfDITtA,OR5vNsxPTe0,https://www.youtube.com/watch?v=OR5vNsxPTe0,"QUI TROUVERA LES 7 DIFFÉRENCES ?(Ft Kameto, Byilhan et Flamby)",2026-06-20T12:30:09+00:00,non,1,60-140s,,,,0,,,,non,,2026-08-24 16:42 UTC
Inoxtag,Inoxtag 2.0,secondaire,UCo6Z9cEI8Hf3nyrLUfDITtA,qJgvVi6pgP8,https://www.youtube.com/watch?v=qJgvVi6pgP8,24H seul dans la nature avec mon chien (Ft. ACE),2026-06-06T12:30:21+00:00,non,1,162-197s,,,,0,,,,non,,2026-08-24 16:42 UTC
Inoxtag,Inoxtag 2.0,secondaire,UCo6Z9cEI8Hf3nyrLUfDITtA,dLA3m_NfmUw,https://www.youtube.com/watch?v=dLA3m_NfmUw,On a créé une nouvelle Boisson ! La vérité sur CIAO energy (Ft. Squeezie et Léna situation),2026-05-31T16:30:31+00:00,non,0,,,,,0,,,,non,,2026-08-24 16:42 UTC
Inoxtag,Inoxtag 2.0,secondaire,UCo6Z9cEI8Hf3nyrLUfDITtA,2pJ-v7Gb9pw,https://www.youtube.com/watch?v=2pJ-v7Gb9pw,"QUI TROUVERA LES 7 DIFFÉRENCES ? (Ft Michou, Valouzz et Lebouseuh)",2026-04-25T12:30:08+00:00,non,1,54-157s,,,,0,,,,non,,2026-08-24 16:42 UTC
Inoxtag,Inoxtag 2.0,secondaire,UCo6Z9cEI8Hf3nyrLUfDITtA,Np_Fc7tWXus,https://www.youtube.com/watch?v=Np_Fc7tWXus,"4 vs 1 (Qui remportera le plus d’épreuves ?!  (ft. Djilsi, Lebouseuh, MaximeBiaggi)",2026-03-28T13:33:32+00:00,non,2,206-223s | 2737-2749s,,,,0,,,,non,,2026-08-24 16:42 UTC
Inoxtag,Inoxtag 2.0,secondaire,UCo6Z9cEI8Hf3nyrLUfDITtA,PIU-UTQZpdU,https://www.youtube.com/watch?v=PIU-UTQZpdU,Ma transformation physique après 3 ans de sports ! (Ft. Mangaworkout),2026-02-14T13:30:34+00:00,non,2,137-168s | 1913-1921s,,,,0,,,,non,,2026-08-24 16:42 UTC
Inoxtag,Inoxtag 2.0,secondaire,UCo6Z9cEI8Hf3nyrLUfDITtA,fBDthDYA8NE,https://www.youtube.com/watch?v=fBDthDYA8NE,Qui fera le meilleur projet ? (THE PROJECT épisode 3) Ft. Carlito et Bigflo,2026-01-31T13:30:53+00:00,non,1,152-183s,,,,0,,,,non,,2026-08-24 16:42 UTC
Inoxtag,Inoxtag 2.0,secondaire,UCo6Z9cEI8Hf3nyrLUfDITtA,1ixQSCExYbU,https://www.youtube.com/watch?v=1ixQSCExYbU,"6 abrutis, un jeu de société (Épisode 2) ft Amine, Byilhan, Nico, Flamby, You",2026-01-24T13:30:02+00:00,non,2,0-103s | 1577-1581s,,,,0,,,,non,,2026-08-24 16:42 UTC
Inoxtag,Inoxtag 2.0,secondaire,UCo6Z9cEI8Hf3nyrLUfDITtA,iKiWdarTTFg,https://www.youtube.com/watch?v=iKiWdarTTFg,Qui fera le meilleur projet ? (THE PROJECT épisode 2) Ft. GMK et Ragnar,2026-01-17T13:30:47+00:00,non,1,196-250s,,,,0,,,,non,,2026-08-24 16:42 UTC
Inoxtag,Inoxtag 2.0,secondaire,UCo6Z9cEI8Hf3nyrLUfDITtA,4PdVIBupDr8,https://www.youtube.com/watch?v=4PdVIBupDr8,Qui fera le meilleur projet ? (THE PROJECT épisode 1) Ft. Nico et FastgoodCuisine,2026-01-10T13:30:06+00:00,non,1,206-258s,,,,0,,,,non,,2026-08-24 16:42 UTC
Valouzz,Valouzz,principale,UCNGq4mP3Ds5OUGjPo8IJOcw,qg8-Oj-R_zw,https://www.youtube.com/watch?v=qg8-Oj-R_zw,"1ère dégustation avec Chouchou, mon plus petit garçon (et ça se passe pas comme prévu)",2026-08-22T10:00:05+00:00,non,0,,,,,0,,,,non,,2026-08-24 16:42 UTC
Valouzz,Valouzz,principale,UCNGq4mP3Ds5OUGjPo8IJOcw,VDZgoOj1q9c,https://www.youtube.com/watch?v=VDZgoOj1q9c,Mon nouveau Barbecue 😍,2026-08-19T19:17:58+00:00,non,0,,,,,0,,,,non,,2026-08-24 16:42 UTC
Valouzz,Valouzz,principale,UCNGq4mP3Ds5OUGjPo8IJOcw,BTbs0aFpagY,https://www.youtube.com/watch?v=BTbs0aFpagY,Je cuis une PICANHA de 1kg sur mon nouveau BARBECUE ! (c'est une folie pure),2026-08-15T10:00:26+00:00,non,0,,,,,0,,,,non,,2026-08-24 16:42 UTC
Valouzz,Valouzz,principale,UCNGq4mP3Ds5OUGjPo8IJOcw,i1sM5REE9Yw,https://www.youtube.com/watch?v=i1sM5REE9Yw,La glace au Cornichon de KFC 🤢,2026-08-13T16:50:49+00:00,non,0,,,,,0,,,,non,,2026-08-24 16:42 UTC
Valouzz,Valouzz,principale,UCNGq4mP3Ds5OUGjPo8IJOcw,f-x1n_UXNts,https://www.youtube.com/watch?v=f-x1n_UXNts,Le Meilleur Burger TOUT Fast-food confondu 🫣,2026-08-10T16:42:42+00:00,non,0,,,,,0,,,,non,,2026-08-24 16:42 UTC
Valouzz,Valouzz,principale,UCNGq4mP3Ds5OUGjPo8IJOcw,j8lMHQ-E5AU,https://www.youtube.com/watch?v=j8lMHQ-E5AU,Le Nouveau Wrap Cornichon de KFC est Excellent 🤩,2026-08-04T17:20:16+00:00,non,0,,,,,0,,,,non,,2026-08-24 16:42 UTC
Valouzz,Valouzz,principale,UCNGq4mP3Ds5OUGjPo8IJOcw,UtYJuNxY4rE,https://www.youtube.com/watch?v=UtYJuNxY4rE,Inoxtag et la Boule de Neige 😂,2026-08-02T19:30:33+00:00,non,0,,,,,0,,,,non,,2026-08-24 16:42 UTC
Valouzz,Valouzz,principale,UCNGq4mP3Ds5OUGjPo8IJOcw,hmQ_3cqK950,https://www.youtube.com/watch?v=hmQ_3cqK950,10/10 le burger aux cornichons de KFC (une masterclass !),2026-08-01T10:00:18+00:00,non,0,,,,,0,,,,non,,2026-08-24 16:42 UTC
Valouzz,Valouzz,principale,UCNGq4mP3Ds5OUGjPo8IJOcw,PR4cwCFBtnc,https://www.youtube.com/watch?v=PR4cwCFBtnc,On teste &quot;Patate&quot; les Frites qui font le Buzz 🍟,2026-07-28T09:30:37+00:00,non,0,,,,,0,,,,non,,2026-08-24 16:42 UTC
Valouzz,Valouzz,principale,UCNGq4mP3Ds5OUGjPo8IJOcw,nND1EnhHoq8,https://www.youtube.com/watch?v=nND1EnhHoq8,Je suis jury de la Coupe de France de BBQ avec Matos &amp; Carlos (je goûte et note tout !),2026-07-25T10:00:00+00:00,non,0,,,,,0,,,,non,,2026-08-24 16:42 UTC
Valouzz,Valouzz,principale,UCNGq4mP3Ds5OUGjPo8IJOcw,bhtxCBDaBiM,https://www.youtube.com/watch?v=bhtxCBDaBiM,Je retourne sur Pokémon GO après 10 ans ! 🤩,2026-07-24T14:58:01+00:00,non,0,,,,,0,,,,non,,2026-08-24 16:42 UTC
Valouzz,Valouzz,principale,UCNGq4mP3Ds5OUGjPo8IJOcw,NJDDLeHeq74,https://www.youtube.com/watch?v=NJDDLeHeq74,MJ est trop mignon 🥹,2026-07-23T17:03:27+00:00,non,0,,,,,0,,,,non,,2026-08-24 16:42 UTC
Mister V,Mister V,principale,UC8Q0SLrZLiTj5s4qc9aad-w,OR0JMeZCayQ,https://www.youtube.com/watch?v=OR0JMeZCayQ,QUI CONNAÎT LE PLUS DE MEMES (IRL) ? (feat SQUEEZIE &amp; ADÈLE CASTILLON),2026-06-07T08:00:38+00:00,non,4,137-151s | 152-154s | 1314-1384s | 3263-3265s,,,,0,,,,non,,2026-08-24 16:42 UTC
Mister V,Mister V,principale,UC8Q0SLrZLiTj5s4qc9aad-w,h77YQdrrsUw,https://www.youtube.com/watch?v=h77YQdrrsUw,L’IA dans notre société française métropolitaine et d’outre-mer également,2026-04-16T19:12:18+00:00,non,0,,,,,0,,,,non,,2026-08-24 16:42 UTC
Mister V,Mister V,principale,UC8Q0SLrZLiTj5s4qc9aad-w,rOLEphEmnkc,https://www.youtube.com/watch?v=rOLEphEmnkc,Le charme discret des serveurs parisiens,2026-04-05T17:28:22+00:00,non,0,,,,,0,,,,non,,2026-08-24 16:42 UTC
Mister V,Mister V,principale,UC8Q0SLrZLiTj5s4qc9aad-w,8dFsiZUtPP8,https://www.youtube.com/watch?v=8dFsiZUtPP8,Quand tu veux l’accoudoir au cinéma,2026-03-17T17:55:03+00:00,non,0,,,,,0,,,,non,,2026-08-24 16:42 UTC
Mister V,Mister V,principale,UC8Q0SLrZLiTj5s4qc9aad-w,Xg68px0WvSU,https://www.youtube.com/watch?v=Xg68px0WvSU,COMMENT RENTRER EN BOÎTE DE NUIT À TOUS LES COUPS ?,2026-03-06T18:06:27+00:00,non,0,,,,,0,,,,non,,2026-08-24 16:42 UTC
Mister V,Mister V,principale,UC8Q0SLrZLiTj5s4qc9aad-w,54u7BOQtN_E,https://www.youtube.com/watch?v=54u7BOQtN_E,Les vidéos storytelling en 2026,2026-02-16T16:47:45+00:00,non,0,,,,,0,,,,non,,2026-08-24 16:42 UTC
Mister V,Mister V,principale,UC8Q0SLrZLiTj5s4qc9aad-w,h5BORTfWjPo,https://www.youtube.com/watch?v=h5BORTfWjPo,MISTER V - LES 11 RAPPEURS À NE PAS SUIVRE 2,2026-01-07T17:01:14+00:00,non,0,,,,,0,,,,non,,2026-08-24 16:42 UTC
Mister V,Mister V,principale,UC8Q0SLrZLiTj5s4qc9aad-w,YnX8wzQgfDk,https://www.youtube.com/watch?v=YnX8wzQgfDk,DANS LA PEAU DE MCWALTER 2 (Making Of Partie 2),2025-09-28T15:35:17+00:00,non,1,396-440s,,,,0,,,,non,,2026-08-24 16:42 UTC
Mister V,Mister V,principale,UC8Q0SLrZLiTj5s4qc9aad-w,rm5SG1AtCvw,https://www.youtube.com/watch?v=rm5SG1AtCvw,DANS LA PEAU DE MCWALTER (Making Of / Partie 1),2025-09-20T12:01:48+00:00,non,1,222-251s,,,,0,,,,non,,2026-08-24 16:42 UTC
Mister V,Mister V,principale,UC8Q0SLrZLiTj5s4qc9aad-w,5mWnCYKzpco,https://www.youtube.com/watch?v=5mWnCYKzpco,MISTER V - FAIRE UN FILM,2025-09-07T15:29:56+00:00,non,1,580-601s,,,,0,,,,non,,2026-08-24 16:42 UTC
Mister V,Mister V,principale,UC8Q0SLrZLiTj5s4qc9aad-w,irmrRGnqmMk,https://www.youtube.com/watch?v=irmrRGnqmMk,"McWALTER -  BANDE ANNONCE OFFICIELLE (2025) MISTER V, SIMON ASTIER",2025-08-25T16:01:10+00:00,non,0,,,,,0,,,,non,,2026-08-24 16:42 UTC
Mister V,Mister V,principale,UC8Q0SLrZLiTj5s4qc9aad-w,99fKlVqoinQ,https://www.youtube.com/watch?v=99fKlVqoinQ,"McWALTER, LE FILM -  TEASER (2025) MISTER V, SIMON ASTIER",2025-06-30T16:00:31+00:00,non,0,,,,,0,,,,non,,2026-08-24 16:42 UTC
Mister V,Mister V Music,secondaire,UCGbkLk615v-fh5Qgc6b-TVQ,siTnbj_11l4,https://www.youtube.com/watch?v=siTnbj_11l4,MISTER V - BOOTLEG,2023-04-14T16:00:41+00:00,non,0,,,,,0,,,,non,,2026-08-24 16:42 UTC
Mister V,Mister V Music,secondaire,UCGbkLk615v-fh5Qgc6b-TVQ,crLrrqXRO4k,https://www.youtube.com/watch?v=crLrrqXRO4k,MISTER V - MATCH FEAT. KERCHAK (LYRICS VIDEO),2023-01-26T23:00:23+00:00,non,0,,,,,0,,,,non,,2026-08-24 16:42 UTC
Mister V,Mister V Music,secondaire,UCGbkLk615v-fh5Qgc6b-TVQ,HCi1ZeD1rfA,https://www.youtube.com/watch?v=HCi1ZeD1rfA,JE REMETS LA FIAT PANDA MVP A SON NOUVEAU PROPRIETAIRE,2021-02-22T16:43:08+00:00,non,0,,,,,0,,,,non,,2026-08-24 16:42 UTC
Mister V,Mister V Music,secondaire,UCGbkLk615v-fh5Qgc6b-TVQ,oyX87GIH7dM,https://www.youtube.com/watch?v=oyX87GIH7dM,MISTER V - VETTEL,2021-02-10T17:00:10+00:00,non,0,,,,,0,,,,non,,2026-08-24 16:42 UTC
Mister V,Mister V Music,secondaire,UCGbkLk615v-fh5Qgc6b-TVQ,-mOoTp8ZC8o,https://www.youtube.com/watch?v=-mOoTp8ZC8o,MISTER V - GAS (feat. GAZO),2021-01-08T17:00:01+00:00,non,0,,,,,0,,,,non,,2026-08-24 16:42 UTC
Mister V,Mister V Music,secondaire,UCGbkLk615v-fh5Qgc6b-TVQ,Sb8ojoljCoA,https://www.youtube.com/watch?v=Sb8ojoljCoA,MISTER V - RENDEZ-VOUS LE 15 JANVIER 2021,2020-12-16T18:11:34+00:00,non,0,,,,,0,,,,non,,2026-08-24 16:42 UTC
Mister V,Mister V Music,secondaire,UCGbkLk615v-fh5Qgc6b-TVQ,rEfL4ajTr9A,https://www.youtube.com/watch?v=rEfL4ajTr9A,MISTER V - VICE CITY,2020-10-09T16:00:41+00:00,non,0,,,,,0,,,,non,,2026-08-24 16:42 UTC
Mister V,Mister V Music,secondaire,UCGbkLk615v-fh5Qgc6b-TVQ,9To9DloLzbo,https://www.youtube.com/watch?v=9To9DloLzbo,MISTER V - TUDO BEM,2020-06-26T15:55:51+00:00,non,0,,,,,0,,,,non,,2026-08-24 16:42 UTC
Mister V,Mister V Music,secondaire,UCGbkLk615v-fh5Qgc6b-TVQ,aOEdWj8QC4A,https://www.youtube.com/watch?v=aOEdWj8QC4A,MISTER V - MIAMI HEAT,2020-06-10T15:59:25+00:00,non,0,,,,,0,,,,non,,2026-08-24 16:42 UTC
Mister V,Mister V Music,secondaire,UCGbkLk615v-fh5Qgc6b-TVQ,1esyx2sHsuk,https://www.youtube.com/watch?v=1esyx2sHsuk,MISTER V - GANG (feat. DOSSEH),2020-01-31T09:47:53+00:00,non,0,,,,,0,,,,non,,2026-08-24 16:42 UTC
Mister V,Mister V Music,secondaire,UCGbkLk615v-fh5Qgc6b-TVQ,LJaCSPxDrSg,https://www.youtube.com/watch?v=LJaCSPxDrSg,MISTER V - JAMAIS (feat. PLK),2019-12-04T17:00:25+00:00,non,0,,,,,0,,,,non,,2026-08-24 16:42 UTC
Mister V,Mister V Music,secondaire,UCGbkLk615v-fh5Qgc6b-TVQ,SuFz7YI1cTk,https://www.youtube.com/watch?v=SuFz7YI1cTk,SAMY CEEZY - CINEMA,2019-07-07T22:13:56+00:00,non,0,,,,,0,,,,non,,2026-08-24 16:42 UTC
Mcfly et Carlito,Mcfly et Carlito,principale,UCDPK_MTu3uTUFJXRVcTJcEw,zZLlX78uq9k,https://www.youtube.com/watch?v=zZLlX78uq9k,Pourquoi le film s'appelle Intouchables ? Éric Toledano et Olivier Nakache répondent !,2026-08-04T15:16:19+00:00,non,0,,,,,0,,,,non,,2026-08-24 16:42 UTC
Mcfly et Carlito,Mcfly et Carlito,principale,UCDPK_MTu3uTUFJXRVcTJcEw,noO7FOK3tYE,https://www.youtube.com/watch?v=noO7FOK3tYE,Oli raconte son pire date,2026-08-03T15:29:18+00:00,non,0,,,,,0,,,,non,,2026-08-24 16:42 UTC
Mcfly et Carlito,Mcfly et Carlito,principale,UCDPK_MTu3uTUFJXRVcTJcEw,pSUR8Si2PsY,https://www.youtube.com/watch?v=pSUR8Si2PsY,2 imbéciles discutent des marées,2026-07-31T16:07:11+00:00,non,0,,,,,0,,,,non,,2026-08-24 16:42 UTC
Mcfly et Carlito,Mcfly et Carlito,principale,UCDPK_MTu3uTUFJXRVcTJcEw,WyEs4g3jQjM,https://www.youtube.com/watch?v=WyEs4g3jQjM,"Nos abonnés viennent débriefer la saison (on vous aime, merci pour tout)",2026-07-30T15:22:14+00:00,non,0,,,,,0,,,,non,,2026-08-24 16:42 UTC
Mcfly et Carlito,Mcfly et Carlito,principale,UCDPK_MTu3uTUFJXRVcTJcEw,3-1V6BCmI-I,https://www.youtube.com/watch?v=3-1V6BCmI-I,Le jeu du marché de noël,2026-07-30T15:18:05+00:00,non,0,,,,,0,,,,non,,2026-08-24 16:42 UTC
Mcfly et Carlito,Mcfly et Carlito,principale,UCDPK_MTu3uTUFJXRVcTJcEw,VRLHF_xdl4I,https://www.youtube.com/watch?v=VRLHF_xdl4I,Les phrases légendaires de Fred (ft @chateaux_de_sable),2026-07-29T17:16:43+00:00,non,0,,,,,0,,,,non,,2026-08-24 16:42 UTC
Mcfly et Carlito,Mcfly et Carlito,principale,UCDPK_MTu3uTUFJXRVcTJcEw,rJW00cN-IgQ,https://www.youtube.com/watch?v=rJW00cN-IgQ,On fait un magnifique château de sable avec Fred qui trouvera une place dans vos cœurs,2026-07-28T17:15:38+00:00,non,4,125-174s | 1309-1392s | 2980-2982s | 3296-3313s,,,,0,,,,non,,2026-08-24 16:42 UTC
Mcfly et Carlito,Mcfly et Carlito,principale,UCDPK_MTu3uTUFJXRVcTJcEw,YUwayyNWy1c,https://www.youtube.com/watch?v=YUwayyNWy1c,UNPOPUNIAR OPINIGNON 3 : Bigflo hait les siestes et les comédies musicales,2026-07-23T15:22:33+00:00,non,2,217-370s | 3263-3274s,,,,0,,,,non,,2026-08-24 16:42 UTC
Mcfly et Carlito,Mcfly et Carlito,principale,UCDPK_MTu3uTUFJXRVcTJcEw,PP-JJ5HhybQ,https://www.youtube.com/watch?v=PP-JJ5HhybQ,Carlito Core,2026-07-23T14:36:41+00:00,non,0,,,,,0,,,,non,,2026-08-24 16:42 UTC
Mcfly et Carlito,Mcfly et Carlito,principale,UCDPK_MTu3uTUFJXRVcTJcEw,Jjm-uK_86bw,https://www.youtube.com/watch?v=Jjm-uK_86bw,Mcfly Core,2026-07-22T14:12:01+00:00,non,0,,,,,0,,,,non,,2026-08-24 16:42 UTC
Mcfly et Carlito,Mcfly et Carlito,principale,UCDPK_MTu3uTUFJXRVcTJcEw,vAZ5SacViMM,https://www.youtube.com/watch?v=vAZ5SacViMM,Les recos de Carl sont enfin là ! (Et Mcfly ne l’empêche pas),2026-07-21T15:22:09+00:00,non,0,,,,,0,,,,non,,2026-08-24 16:42 UTC
Mcfly et Carlito,Mcfly et Carlito,principale,UCDPK_MTu3uTUFJXRVcTJcEw,xB57LuVMB3Q,https://www.youtube.com/watch?v=xB57LuVMB3Q,@Alphacast_fr connaît TOUS les persos de Warhammer,2026-07-20T15:05:19+00:00,non,0,,,,,0,,,,non,,2026-08-24 16:42 UTC
Michou,Michou,principale,UCo3i0nUzZjjLuM7VjAVz4zA,ubeAiLdUM20,https://www.youtube.com/watch?v=ubeAiLdUM20,MICHOU EST DANS UN CAUCHEMAR,2026-07-19T18:39:06+00:00,non,0,,,,,0,,,,non,,2026-08-24 16:42 UTC
Michou,Michou,principale,UCo3i0nUzZjjLuM7VjAVz4zA,1WM2H91lxVw,https://www.youtube.com/watch?v=1WM2H91lxVw,LES SUPPORTRICES BRÉSILIENNES RENDENT FOU MICHOU 🤯,2026-07-19T15:12:42+00:00,non,0,,,,,0,,,,non,,2026-08-24 16:42 UTC
Michou,Michou,principale,UCo3i0nUzZjjLuM7VjAVz4zA,29tuiFMUDvc,https://www.youtube.com/watch?v=29tuiFMUDvc,Mon prono pour France - Angleterre 🇫🇷🏴󠁧󠁢󠁥󠁮󠁧󠁿,2026-07-18T16:33:12+00:00,non,0,,,,,0,,,,non,,2026-08-24 16:42 UTC
Michou,Michou,principale,UCo3i0nUzZjjLuM7VjAVz4zA,v3viqdoFbnY,https://www.youtube.com/watch?v=v3viqdoFbnY,VIVRE 1 MOIS À NEW YORK ! (pendant la coupe du monde),2026-07-18T11:00:23+00:00,non,1,681-748s,,,,0,,,,non,,2026-08-24 16:42 UTC
Michou,Michou,principale,UCo3i0nUzZjjLuM7VjAVz4zA,Nwyvx9ezn4A,https://www.youtube.com/watch?v=Nwyvx9ezn4A,Ce que vous n'avez pas vu de France - Espagne ... 🥲,2026-07-15T00:32:24+00:00,non,0,,,,,0,,,,non,,2026-08-24 16:42 UTC
Michou,Michou,principale,UCo3i0nUzZjjLuM7VjAVz4zA,vMc3Zfdu2DU,https://www.youtube.com/watch?v=vMc3Zfdu2DU,Je teste le stade de France-Espagne ! 🇫🇷,2026-07-14T19:51:49+00:00,non,0,,,,,0,,,,non,,2026-08-24 16:42 UTC
Michou,Michou,principale,UCo3i0nUzZjjLuM7VjAVz4zA,jmYUCSAJW_Y,https://www.youtube.com/watch?v=jmYUCSAJW_Y,Mon prono pour France - Espagne 🇫🇷,2026-07-14T15:50:30+00:00,non,0,,,,,0,,,,non,,2026-08-24 16:42 UTC
Michou,Michou,principale,UCo3i0nUzZjjLuM7VjAVz4zA,KHX6XLifeI4,https://www.youtube.com/watch?v=KHX6XLifeI4,Ce que vous n’avez pas vu de France - Maroc,2026-07-09T22:45:11+00:00,non,0,,,,,0,,,,non,,2026-08-24 16:42 UTC
Michou,Michou,principale,UCo3i0nUzZjjLuM7VjAVz4zA,LX8Ff0IX3k4,https://www.youtube.com/watch?v=LX8Ff0IX3k4,Je rencontre les supporters avant France - Maroc ! 🇫🇷,2026-07-09T21:03:30+00:00,non,0,,,,,0,,,,non,,2026-08-24 16:42 UTC
Michou,Michou,principale,UCo3i0nUzZjjLuM7VjAVz4zA,qjsIGNQ2JWs,https://www.youtube.com/watch?v=qjsIGNQ2JWs,Mon prono pour France - Maroc 🇫🇷,2026-07-09T15:00:38+00:00,non,0,,,,,0,,,,non,,2026-08-24 16:42 UTC
Michou,Michou,principale,UCo3i0nUzZjjLuM7VjAVz4zA,CXsw4EEKiFc,https://www.youtube.com/watch?v=CXsw4EEKiFc,J'AI FINI TREMPÉ AUX 250 ANS DES ÉTATS-UNIS 😭,2026-07-08T15:00:24+00:00,non,0,,,,,0,,,,non,,2026-08-24 16:42 UTC
Michou,Michou,principale,UCo3i0nUzZjjLuM7VjAVz4zA,1WwZNOt1jv0,https://www.youtube.com/watch?v=1WwZNOt1jv0,Ce que vous n’avez pas vu de France - Paraguay,2026-07-05T20:24:47+00:00,non,0,,,,,0,,,,non,,2026-08-24 16:42 UTC
Michou,MichouOff,secondaire,UCOdKaYgvLlPuinUJ1z5Gm2g,KKyLfEYREAQ,https://www.youtube.com/watch?v=KKyLfEYREAQ,ANTHONY AFFRONTE UN SUMO JAPONAIS ! (Road Trip Japon #9),2026-08-02T18:35:10+00:00,non,0,,,,,0,,,,non,,2026-08-24 16:42 UTC
Michou,MichouOff,secondaire,UCOdKaYgvLlPuinUJ1z5Gm2g,933-v8TTiyA,https://www.youtube.com/watch?v=933-v8TTiyA,ON TESTE UNIVERSAL STUDIO À OSAKA ! (Road Trip Japon #8),2026-08-01T20:08:09+00:00,non,0,,,,,0,,,,non,,2026-08-24 16:42 UTC
Michou,MichouOff,secondaire,UCOdKaYgvLlPuinUJ1z5Gm2g,yt7VOqJKV5Q,https://www.youtube.com/watch?v=yt7VOqJKV5Q,ON TRAVERSE OSAKA EN KARTING DANS LA RUE ! (Road Trip Japon #7),2026-07-31T18:00:37+00:00,non,0,,,,,0,,,,non,,2026-08-24 16:42 UTC
Michou,MichouOff,secondaire,UCOdKaYgvLlPuinUJ1z5Gm2g,8JfQkRQWAFY,https://www.youtube.com/watch?v=8JfQkRQWAFY,ON AURAIT JAMAIS DÛ BOIRE AUTANT DE SAKE … ! 😂 (Road Trip Japon #6),2026-07-30T18:00:03+00:00,non,0,,,,,0,,,,non,,2026-08-24 16:42 UTC
Michou,MichouOff,secondaire,UCOdKaYgvLlPuinUJ1z5Gm2g,QvPmT06H35w,https://www.youtube.com/watch?v=QvPmT06H35w,ON TESTE UN FAST-FOOD JAPONAIS ! (Road Trip Japon #5),2026-07-29T18:00:17+00:00,non,0,,,,,0,,,,non,,2026-08-24 16:42 UTC
Michou,MichouOff,secondaire,UCOdKaYgvLlPuinUJ1z5Gm2g,kLT52qTEYnE,https://www.youtube.com/watch?v=kLT52qTEYnE,ON SE FAIT ARRÊTER PAR LA POLICE JAPONAISE ! (Road Trip Japon #4),2026-07-28T18:45:24+00:00,non,0,,,,,0,,,,non,,2026-08-24 16:42 UTC
Michou,MichouOff,secondaire,UCOdKaYgvLlPuinUJ1z5Gm2g,eBOxGKtr3OU,https://www.youtube.com/watch?v=eBOxGKtr3OU,MICHOU MANGE DU BOEUF DE KOBÉ,2026-07-27T21:58:32+00:00,non,0,,,,,0,,,,non,,2026-08-24 16:42 UTC
Michou,MichouOff,secondaire,UCOdKaYgvLlPuinUJ1z5Gm2g,l80N92EGhck,https://www.youtube.com/watch?v=l80N92EGhck,"SI CE POISSON EST MAL CUISINÉ, TU MEURS ! 😳 (Road Trip Japon #3)",2026-07-27T18:00:18+00:00,non,0,,,,,0,,,,non,,2026-08-24 16:42 UTC
Michou,MichouOff,secondaire,UCOdKaYgvLlPuinUJ1z5Gm2g,BhP-IVJHxwA,https://www.youtube.com/watch?v=BhP-IVJHxwA,MICHOU DÉCOUVRE LES TOILETTES JAPONAIS,2026-07-27T18:00:17+00:00,non,0,,,,,0,,,,non,,2026-08-24 16:42 UTC
Michou,MichouOff,secondaire,UCOdKaYgvLlPuinUJ1z5Gm2g,hbcfu6-3JwA,https://www.youtube.com/watch?v=hbcfu6-3JwA,MICHOU A ACHETÉ UNE NOUVELLE VOITURE,2026-07-27T17:00:03+00:00,non,0,,,,,0,,,,non,,2026-08-24 16:42 UTC
Michou,MichouOff,secondaire,UCOdKaYgvLlPuinUJ1z5Gm2g,HaptATJGRRE,https://www.youtube.com/watch?v=HaptATJGRRE,MICHOU DÉCOUVRE DES BARS D'ANIMAUX 🤯,2026-07-27T16:15:31+00:00,non,0,,,,,0,,,,non,,2026-08-24 16:42 UTC
Michou,MichouOff,secondaire,UCOdKaYgvLlPuinUJ1z5Gm2g,VYV2E6fMows,https://www.youtube.com/watch?v=VYV2E6fMows,L'APPART DE MICHOU AU JAPON,2026-07-27T15:45:26+00:00,non,0,,,,,0,,,,non,,2026-08-24 16:42 UTC
Michou,MichouRediff,secondaire,UCApFlJbRodUtO-iE-mzRsOw,8RAhE8kQ6FI,https://www.youtube.com/watch?v=8RAhE8kQ6FI,LES DANGERS DE LA SAVANE,2026-07-14T15:15:30+00:00,non,0,,,,,0,,,,non,,2026-08-24 16:42 UTC
Michou,MichouRediff,secondaire,UCApFlJbRodUtO-iE-mzRsOw,JbSMLtGk2s0,https://www.youtube.com/watch?v=JbSMLtGk2s0,LE QUOTIDIEN SPORTIF DE MICHOU,2026-07-13T15:05:45+00:00,non,0,,,,,0,,,,non,,2026-08-24 16:42 UTC
Michou,MichouRediff,secondaire,UCApFlJbRodUtO-iE-mzRsOw,hz4LXM6FtxE,https://www.youtube.com/watch?v=hz4LXM6FtxE,Running à Central Park et on discute avec Billy ! (À Chaud #0),2026-07-07T15:30:28+00:00,non,0,,,,,0,,,,non,,2026-08-24 16:42 UTC
Michou,MichouRediff,secondaire,UCApFlJbRodUtO-iE-mzRsOw,77HClM0DVHc,https://www.youtube.com/watch?v=77HClM0DVHc,🇧🇷 ON FAIT UN BARBEUC SUR LE PARKING DE BRÉSIL vs HAÏTI (Live US #4),2026-06-21T09:00:05+00:00,non,0,,,,,0,,,,non,,2026-08-24 16:42 UTC
Michou,MichouRediff,secondaire,UCApFlJbRodUtO-iE-mzRsOw,hVJ_Yclq0O4,https://www.youtube.com/watch?v=hVJ_Yclq0O4,🤯 J'AI INSTALLÉ MON SETUP À NEW-YORK (Live US #3),2026-06-18T14:30:20+00:00,non,0,,,,,0,,,,non,,2026-08-24 16:42 UTC
Michou,MichouRediff,secondaire,UCApFlJbRodUtO-iE-mzRsOw,cCgrwNIsdrY,https://www.youtube.com/watch?v=cCgrwNIsdrY,🇸🇳 JE VISITE LE QUARTIER SÉNÉGALAIS DE NEW-YORK (Live US #2),2026-06-16T16:13:46+00:00,non,0,,,,,0,,,,non,,2026-08-24 16:42 UTC
Michou,MichouRediff,secondaire,UCApFlJbRodUtO-iE-mzRsOw,ecgRFfWj6rc,https://www.youtube.com/watch?v=ecgRFfWj6rc,🇺🇸 DÉBUT DE L'ARC COUPE DU MONDE (Live US #1),2026-06-15T14:30:24+00:00,non,0,,,,,0,,,,non,,2026-08-24 16:42 UTC
Michou,MichouRediff,secondaire,UCApFlJbRodUtO-iE-mzRsOw,BoLycfw0KAo,https://www.youtube.com/watch?v=BoLycfw0KAo,🤯 LA FIN DE LOST (Minecraft Hardcore - Lost RP - Épisode 6),2026-06-01T14:48:20+00:00,non,0,,,,,0,,,,non,,2026-08-24 16:42 UTC
Michou,MichouRediff,secondaire,UCApFlJbRodUtO-iE-mzRsOw,Glt_yq5ddtE,https://www.youtube.com/watch?v=Glt_yq5ddtE,🏅 J'AI DÉBLOQUÉ MON MÉDAILLON ! (Minecraft Hardcore - Lost RP - Épisode 5),2026-05-28T14:30:27+00:00,non,0,,,,,0,,,,non,,2026-08-24 16:42 UTC
Michou,MichouRediff,secondaire,UCApFlJbRodUtO-iE-mzRsOw,NhXokIaKUPc,https://www.youtube.com/watch?v=NhXokIaKUPc,✨ ON EXPLORE LES PREMIERS DONJONS (Minecraft Hardcore - Lost RP - Épisode 4),2026-05-26T18:07:19+00:00,non,0,,,,,0,,,,non,,2026-08-24 16:42 UTC
Michou,MichouRediff,secondaire,UCApFlJbRodUtO-iE-mzRsOw,6ukG2qy7FYY,https://www.youtube.com/watch?v=6ukG2qy7FYY,🚀 ON PURIFIE LES DERNIERS VESTIGES (Minecraft Hardcore - Lost RP - Épisode 3),2026-05-24T14:30:02+00:00,non,0,,,,,0,,,,non,,2026-08-24 16:42 UTC
Michou,MichouRediff,secondaire,UCApFlJbRodUtO-iE-mzRsOw,bdXen-NmxVo,https://www.youtube.com/watch?v=bdXen-NmxVo,🤯 ON DÉCOUVRE LES PREMIERS VESTIGES (Minecraft Hardcore - Lost RP - Épisode 2),2026-05-21T18:35:26+00:00,non,0,,,,,0,,,,non,,2026-08-24 16:42 UTC
Domingo,Domingo Replay,secondaire,UCfAV0Lg4IPzZyRQq_Nh-5KA,-ZBvuZisoP8,https://www.youtube.com/watch?v=-ZBvuZisoP8,C'EST QUOI CETTE STATION ESSENCE ? (Shift at Midnight ft. Leila &amp; Nogodi),2026-08-24T10:00:16+00:00,non,0,,,,,0,,,,non,,2026-08-24 16:42 UTC
Domingo,Domingo Replay,secondaire,UCfAV0Lg4IPzZyRQq_Nh-5KA,NAm1blwsdEo,https://www.youtube.com/watch?v=NAm1blwsdEo,JE PLAQUE TOUT POUR DEVENIR JOUEUR PRO ! (Rift Legacy),2026-08-23T10:00:05+00:00,non,0,,,,,0,,,,non,,2026-08-24 16:42 UTC
Domingo,Domingo Replay,secondaire,UCfAV0Lg4IPzZyRQq_Nh-5KA,SZioyIYtoWc,https://www.youtube.com/watch?v=SZioyIYtoWc,MON ESPRIT KAIZEN À MOI ! (Cairn),2026-08-21T14:00:16+00:00,non,0,,,,,0,,,,non,,2026-08-24 16:42 UTC
Domingo,Domingo Replay,secondaire,UCfAV0Lg4IPzZyRQq_Nh-5KA,UrwIPyRNwSc,https://www.youtube.com/watch?v=UrwIPyRNwSc,PAS LA CARRIÈRE QUE J’ESPÉRAIS… (Destiny Eleven),2026-08-20T16:00:39+00:00,non,0,,,,,0,,,,non,,2026-08-24 16:42 UTC
Domingo,Domingo Replay,secondaire,UCfAV0Lg4IPzZyRQq_Nh-5KA,f0_3VzfZmWg,https://www.youtube.com/watch?v=f0_3VzfZmWg,"LES CHASSEURS DE TORNADES ! (Funnel Runners avec Poneeey, Xari et Tweekz)",2026-08-18T15:00:21+00:00,non,0,,,,,0,,,,non,,2026-08-24 16:42 UTC
Domingo,Domingo Replay,secondaire,UCfAV0Lg4IPzZyRQq_Nh-5KA,gGULe5MB-RY,https://www.youtube.com/watch?v=gGULe5MB-RY,"Vos techniques pour dormir ? (discussion sport, sommeil, etc.)",2026-08-16T15:00:12+00:00,non,0,,,,,0,,,,non,,2026-08-24 16:42 UTC
Domingo,Domingo Replay,secondaire,UCfAV0Lg4IPzZyRQq_Nh-5KA,t4GDLFJZRMs,https://www.youtube.com/watch?v=t4GDLFJZRMs,"UNE P'TITE PHOTO MONSIEUR LE MONSTRE ? (The Headliners avec Poneeey, Tweekz et Xari)",2026-08-14T16:00:12+00:00,non,0,,,,,0,,,,non,,2026-08-24 16:42 UTC
Domingo,Domingo Replay,secondaire,UCfAV0Lg4IPzZyRQq_Nh-5KA,ZPbp_xHusuE,https://www.youtube.com/watch?v=ZPbp_xHusuE,"Le Roi de la Natation ! (REACT Léon, au-delà de l'or)",2026-08-13T15:00:01+00:00,non,0,,,,,0,,,,non,,2026-08-24 16:42 UTC
Domingo,Domingo Replay,secondaire,UCfAV0Lg4IPzZyRQq_Nh-5KA,VE8oPrRzXNY,https://www.youtube.com/watch?v=VE8oPrRzXNY,"WEMBY NOUS RÉGALE POUR LE ZEVENT ! (Débrief vacances, ZEvent, rencontre Wemby)",2026-08-11T16:24:58+00:00,non,0,,,,,0,,,,non,,2026-08-24 16:42 UTC
Domingo,Domingo Replay,secondaire,UCfAV0Lg4IPzZyRQq_Nh-5KA,r1_Wt6QCcto,https://www.youtube.com/watch?v=r1_Wt6QCcto,JE VOUS MONTRE MES CARTES ACHETÉES À THE NATIONALS ! (Énorme tunnel en approche),2026-08-03T14:00:18+00:00,non,0,,,,,0,,,,non,,2026-08-24 16:42 UTC
Domingo,Domingo Replay,secondaire,UCfAV0Lg4IPzZyRQq_Nh-5KA,SC5fFlHlsOw,https://www.youtube.com/watch?v=SC5fFlHlsOw,IL GRAILLE TOUT LE MONDE EN VTT ! (REACT Kilian Bron),2026-07-30T10:00:26+00:00,non,0,,,,,0,,,,non,,2026-08-24 16:42 UTC
Domingo,Domingo Replay,secondaire,UCfAV0Lg4IPzZyRQq_Nh-5KA,hG6Q0TDesIk,https://www.youtube.com/watch?v=hG6Q0TDesIk,ON TESTE LES PRODUITS DE L'ÉMISSION ! (REACT Qui veut être mon associé ?),2026-07-29T10:03:05+00:00,non,0,,,,,0,,,,non,,2026-08-24 16:42 UTC
Domingo,Domingo,principale,UCRCMNm2I4tM4BTmNSboc4QA,UdFMEkeJ5Ro,https://www.youtube.com/watch?v=UdFMEkeJ5Ro,Bah alors Michou 😂 (Top Clips Juin 2026),2026-08-24T14:00:36+00:00,non,0,,,,,0,,,,non,,2026-08-24 16:42 UTC
Domingo,Domingo,principale,UCRCMNm2I4tM4BTmNSboc4QA,_ZC9i1zdVDg,https://www.youtube.com/watch?v=_ZC9i1zdVDg,MAIS IL ÉTAIT FOU ? (Top Clips Mai 2026),2026-08-22T14:00:25+00:00,non,0,,,,,0,,,,non,,2026-08-24 16:42 UTC
Domingo,Domingo,principale,UCRCMNm2I4tM4BTmNSboc4QA,Hy3t2ii12Nw,https://www.youtube.com/watch?v=Hy3t2ii12Nw,JUSTIN SE FAIT HARCELER... (Top Clips Avril 2026),2026-08-21T14:00:04+00:00,non,0,,,,,0,,,,non,,2026-08-24 16:42 UTC
Domingo,Domingo,principale,UCRCMNm2I4tM4BTmNSboc4QA,biVuJqdIipk,https://www.youtube.com/watch?v=biVuJqdIipk,CAPITAINE.... (Top clips Mars 2026),2026-08-20T14:00:19+00:00,non,0,,,,,0,,,,non,,2026-08-24 16:42 UTC
Domingo,Domingo,principale,UCRCMNm2I4tM4BTmNSboc4QA,BnTv9t4Z1hQ,https://www.youtube.com/watch?v=BnTv9t4Z1hQ,Allez j’vous emmène en rando !,2026-08-19T06:37:26+00:00,non,0,,,,,0,,,,non,,2026-08-24 16:42 UTC
Domingo,Domingo,principale,UCRCMNm2I4tM4BTmNSboc4QA,UoqXxxqbuSw,https://www.youtube.com/watch?v=UoqXxxqbuSw,IL EST EN ROUE LIBRE ! (Top Clips Février 2026),2026-08-18T14:00:01+00:00,non,0,,,,,0,,,,non,,2026-08-24 16:42 UTC
Domingo,Domingo,principale,UCRCMNm2I4tM4BTmNSboc4QA,EyUADoqEB4s,https://www.youtube.com/watch?v=EyUADoqEB4s,C'EST LUI MON SOSIE ? (Top Clips Janvier 2026),2026-08-16T14:00:09+00:00,non,0,,,,,0,,,,non,,2026-08-24 16:42 UTC
Domingo,Domingo,principale,UCRCMNm2I4tM4BTmNSboc4QA,dPBhxpFYiCg,https://www.youtube.com/watch?v=dPBhxpFYiCg,PAUVRE NISQY 😂 (Top Clip Decembre 2025),2026-08-14T13:24:40+00:00,non,0,,,,,0,,,,non,,2026-08-24 16:42 UTC
Domingo,Domingo,principale,UCRCMNm2I4tM4BTmNSboc4QA,9xYYb5GZ9WM,https://www.youtube.com/watch?v=9xYYb5GZ9WM,TOP CLIPS DOMINGO NOVEMBRE 2025,2026-08-10T06:00:11+00:00,non,0,,,,,0,,,,non,,2026-08-24 16:42 UTC
Domingo,Domingo,principale,UCRCMNm2I4tM4BTmNSboc4QA,e5Yt41J2nL4,https://www.youtube.com/watch?v=e5Yt41J2nL4,TOP CLIPS DOMINGO OCTOBRE 2025,2026-08-08T06:00:21+00:00,non,0,,,,,0,,,,non,,2026-08-24 16:42 UTC
Domingo,Domingo,principale,UCRCMNm2I4tM4BTmNSboc4QA,k7ISRibyq8Y,https://www.youtube.com/watch?v=k7ISRibyq8Y,TOP CLIPS DOMINGO SEPTEMBRE 2025,2026-08-06T06:00:27+00:00,non,0,,,,,0,,,,non,,2026-08-24 16:42 UTC
Domingo,Domingo,principale,UCRCMNm2I4tM4BTmNSboc4QA,46AIO9hWA3M,https://www.youtube.com/watch?v=46AIO9hWA3M,TOP CLIPS DOMINGO #ZEVENT2025,2026-08-04T06:00:31+00:00,non,0,,,,,0,,,,non,,2026-08-24 16:42 UTC
Domingo,Domingo Gomes,secondaire,UC8IPcF4sxZt1TCs7la4EYtw,lcD9Fp2hEBM,https://www.youtube.com/watch?v=lcD9Fp2hEBM,Los TWS más Rápidos a conectarse,2026-08-23T14:15:08+00:00,non,0,,,,,0,,,,non,,2026-08-24 16:42 UTC
Domingo,Domingo Gomes,secondaire,UC8IPcF4sxZt1TCs7la4EYtw,u1XUUsMZWko,https://www.youtube.com/watch?v=u1XUUsMZWko,Me Clonaron la Voz y YouTube los Protege...,2026-08-21T14:21:20+00:00,non,0,,,,,0,,,,non,,2026-08-24 16:42 UTC
Domingo,Domingo Gomes,secondaire,UC8IPcF4sxZt1TCs7la4EYtw,FszMwn578co,https://www.youtube.com/watch?v=FszMwn578co,"Que SI, son MEJORES! 😂",2026-08-20T17:56:22+00:00,non,0,,,,,0,,,,non,,2026-08-24 16:42 UTC
Domingo,Domingo Gomes,secondaire,UC8IPcF4sxZt1TCs7la4EYtw,OWK1A1KXZs0,https://www.youtube.com/watch?v=OWK1A1KXZs0,Google NO fue el primero 👀,2026-08-19T16:55:29+00:00,non,0,,,,,0,,,,non,,2026-08-24 16:42 UTC
Domingo,Domingo Gomes,secondaire,UC8IPcF4sxZt1TCs7la4EYtw,lLjef90nPmo,https://www.youtube.com/watch?v=lLjef90nPmo,Las Fundas más Raras de TEMU,2026-08-18T15:04:17+00:00,non,0,,,,,0,,,,non,,2026-08-24 16:42 UTC
Domingo,Domingo Gomes,secondaire,UC8IPcF4sxZt1TCs7la4EYtw,nGwAJb0EVQQ,https://www.youtube.com/watch?v=nGwAJb0EVQQ,Android también lo tiene 😏,2026-08-17T15:00:29+00:00,non,0,,,,,0,,,,non,,2026-08-24 16:42 UTC
Domingo,Domingo Gomes,secondaire,UC8IPcF4sxZt1TCs7la4EYtw,pkw_qwI-5zU,https://www.youtube.com/watch?v=pkw_qwI-5zU,Mi Problema con el nuevo Programa de Apple,2026-08-15T14:15:02+00:00,non,0,,,,,0,,,,non,,2026-08-24 16:42 UTC
Domingo,Domingo Gomes,secondaire,UC8IPcF4sxZt1TCs7la4EYtw,Am_fiYO-TII,https://www.youtube.com/watch?v=Am_fiYO-TII,Mi Opinión sobre los nuevos Pixel 11,2026-08-13T00:17:37+00:00,non,0,,,,,0,,,,non,,2026-08-24 16:42 UTC
Domingo,Domingo Gomes,secondaire,UC8IPcF4sxZt1TCs7la4EYtw,jwl3qRUAi5c,https://www.youtube.com/watch?v=jwl3qRUAi5c,"Si las Tienes, CÁMBIALAS!",2026-08-11T17:24:53+00:00,non,0,,,,,0,,,,non,,2026-08-24 16:42 UTC
Domingo,Domingo Gomes,secondaire,UC8IPcF4sxZt1TCs7la4EYtw,q9W44BZNET0,https://www.youtube.com/watch?v=q9W44BZNET0,Antes de Comprar tu Próximo Móvil… MIRA ESTO,2026-08-10T16:46:03+00:00,non,0,,,,,0,,,,non,,2026-08-24 16:42 UTC
Domingo,Domingo Gomes,secondaire,UC8IPcF4sxZt1TCs7la4EYtw,8vN5wOQyw30,https://www.youtube.com/watch?v=8vN5wOQyw30,Estos SI Valen la Pena!,2026-08-09T14:30:04+00:00,non,0,,,,,0,,,,non,,2026-08-24 16:42 UTC
Domingo,Domingo Gomes,secondaire,UC8IPcF4sxZt1TCs7la4EYtw,oVLi6jVzRT8,https://www.youtube.com/watch?v=oVLi6jVzRT8,Tu Próximo Cargador necesita esto!,2026-08-07T15:26:12+00:00,non,0,,,,,0,,,,non,,2026-08-24 16:42 UTC
Domingo,Domingo Legal,secondaire,UCZjZZc4lE_pPEKvAjKQhQbg,TOu7-UHR0dQ,https://www.youtube.com/watch?v=TOu7-UHR0dQ,Hit atemporal de Chiquititas 🥹 #DomingoLegal #sbt,2026-08-24T15:00:23+00:00,non,0,,,,,0,,,,non,,2026-08-24 16:42 UTC
Domingo,Domingo Legal,secondaire,UCZjZZc4lE_pPEKvAjKQhQbg,8ej1ZEUq5F0,https://www.youtube.com/watch?v=8ej1ZEUq5F0,Time Chiquititas 2013 vs Chiquititas 1997 no Passa ou Repassa (23/08/26),2026-08-24T14:00:06+00:00,non,0,,,,,0,,,,non,,2026-08-24 16:42 UTC
Domingo,Domingo Legal,secondaire,UCZjZZc4lE_pPEKvAjKQhQbg,G85eqCuIRXY,https://www.youtube.com/watch?v=G85eqCuIRXY,Quem Sabe Sobe trás elenco impressionante para o game! | Domingo Legal (23/08/26),2026-08-24T12:57:32+00:00,non,0,,,,,0,,,,non,,2026-08-24 16:42 UTC
Domingo,Domingo Legal,secondaire,UCZjZZc4lE_pPEKvAjKQhQbg,RH68g_beSQs,https://www.youtube.com/watch?v=RH68g_beSQs,Participante se emociona em prova do Quem Arrisca Ganha Mais | Domingo Legal (23/08/26),2026-08-24T12:47:47+00:00,non,0,,,,,0,,,,non,,2026-08-24 16:42 UTC
Domingo,Domingo Legal,secondaire,UCZjZZc4lE_pPEKvAjKQhQbg,rnzQtrPFLA4,https://www.youtube.com/watch?v=rnzQtrPFLA4,Fernando e Sorocaba encaram o Cardápio Surpresa e cantam grandes hits | Domingo Legal (23/08/26),2026-08-24T12:00:06+00:00,non,0,,,,,0,,,,non,,2026-08-24 16:42 UTC
Domingo,Domingo Legal,secondaire,UCZjZZc4lE_pPEKvAjKQhQbg,392sUcKtyik,https://www.youtube.com/watch?v=392sUcKtyik,Personagens de Chaves encaram o &quot;Tô Liso&quot; | Domingo Legal (23/08/26),2026-08-23T19:45:49+00:00,non,0,,,,,0,,,,non,,2026-08-24 16:42 UTC
Domingo,Domingo Legal,secondaire,UCZjZZc4lE_pPEKvAjKQhQbg,g21Em3ZMelk,https://www.youtube.com/watch?v=g21Em3ZMelk,"O tempo passa, mas algumas memórias ficam pra sempre 💙 #DomingoLegal",2026-08-23T18:01:13+00:00,non,0,,,,,0,,,,non,,2026-08-24 16:42 UTC
Domingo,Domingo Legal,secondaire,UCZjZZc4lE_pPEKvAjKQhQbg,jvtijyuvmiM,https://www.youtube.com/watch?v=jvtijyuvmiM,"Eles poderiam dizer “estou com saudade&quot;, mas preferiram cantar Madri 🎶 #DomingoLegal",2026-08-23T16:14:47+00:00,non,0,,,,,0,,,,non,,2026-08-24 16:42 UTC
Domingo,Domingo Legal,secondaire,UCZjZZc4lE_pPEKvAjKQhQbg,2LYyLURbOfM,https://www.youtube.com/watch?v=2LYyLURbOfM,Já já tem Fernando e Sorocaba no palco do #DomingoLegal,2026-08-23T12:00:18+00:00,non,0,,,,,0,,,,non,,2026-08-24 16:42 UTC
Domingo,Domingo Legal,secondaire,UCZjZZc4lE_pPEKvAjKQhQbg,1lw7yqYdeEg,https://www.youtube.com/watch?v=1lw7yqYdeEg,Essa estava fácil de acertar😅 #DomingoLegal #sbt,2026-08-21T16:00:14+00:00,non,0,,,,,0,,,,non,,2026-08-24 16:42 UTC
Domingo,Domingo Legal,secondaire,UCZjZZc4lE_pPEKvAjKQhQbg,6xXvNOo28nw,https://www.youtube.com/watch?v=6xXvNOo28nw,O Harry Potter mais atrapalhado do Brasil! 😂 #domingolegal #shorts,2026-08-20T13:15:30+00:00,non,0,,,,,0,,,,non,,2026-08-24 16:42 UTC
Domingo,Domingo Legal,secondaire,UCZjZZc4lE_pPEKvAjKQhQbg,etiuBJ_YXOs,https://www.youtube.com/watch?v=etiuBJ_YXOs,Quanto tempo vocês demoraram para descobrir que palavra era? #DomingoLegal #sbt,2026-08-19T16:36:24+00:00,non,0,,,,,0,,,,non,,2026-08-24 16:42 UTC
Domingo,Domingo Officiel,secondaire,UC18icQd3KC04WsnXrx5UnkA,ttXU2MZXrEU,https://www.youtube.com/watch?v=ttXU2MZXrEU,🔥MONTANA LIBÉRABLE🔥 🕺🏽☀️                                                           #music #summer,2025-05-25T12:37:44+00:00,non,0,,,,,0,,,,non,,2026-08-24 16:42 UTC
Domingo,Domingo Officiel,secondaire,UC18icQd3KC04WsnXrx5UnkA,164k8WN3lYc,https://www.youtube.com/watch?v=164k8WN3lYc,Je vous annonces le titre du feat avec Worms-T &quot;MONTANA&quot;🕺🏽☀️.    #music  #youtubeshorts #newmusic,2025-05-04T09:50:10+00:00,non,0,,,,,0,,,,non,,2026-08-24 16:42 UTC
Domingo,Domingo Officiel,secondaire,UC18icQd3KC04WsnXrx5UnkA,di2fOEzDYx0,https://www.youtube.com/watch?v=di2fOEzDYx0,🕺🏽☀️                                                    #ambiance #rap #music #rapfrancais,2025-05-02T16:10:08+00:00,non,0,,,,,0,,,,non,,2026-08-24 16:42 UTC
Domingo,Domingo Officiel,secondaire,UC18icQd3KC04WsnXrx5UnkA,gzFU2spKb4s,https://www.youtube.com/watch?v=gzFU2spKb4s,Extrait du feat prévu 🔥☀️🕺🏽             #rap #music #newmusic #rapfrancais #ambiance,2025-05-01T13:17:05+00:00,non,0,,,,,0,,,,non,,2026-08-24 16:42 UTC
Domingo,Domingo Officiel,secondaire,UC18icQd3KC04WsnXrx5UnkA,C74se1pJNTQ,https://www.youtube.com/watch?v=C74se1pJNTQ,Domingo - Histoire Gâchée (Visualizer),2025-03-15T18:19:48+00:00,non,0,,,,,0,,,,non,,2026-08-24 16:42 UTC
Domingo,Domingo Officiel,secondaire,UC18icQd3KC04WsnXrx5UnkA,gZHcj5kUbSw,https://www.youtube.com/watch?v=gZHcj5kUbSw,Domingo - Johnny Hallyday,2025-01-17T23:00:07+00:00,non,0,,,,,0,,,,non,,2026-08-24 16:42 UTC
Domingo,Domingo Officiel,secondaire,UC18icQd3KC04WsnXrx5UnkA,p08Wk4F9eVo,https://www.youtube.com/watch?v=p08Wk4F9eVo,Domingo - Brabus,2024-08-24T08:10:03+00:00,non,0,,,,,0,,,,non,,2026-08-24 16:42 UTC
Domingo,Domingo Officiel,secondaire,UC18icQd3KC04WsnXrx5UnkA,asGb-Tc9amo,https://www.youtube.com/watch?v=asGb-Tc9amo,Domingo - Cataleya,2024-07-25T22:00:07+00:00,non,0,,,,,0,,,,non,,2026-08-24 16:42 UTC
Domingo,Domingo Officiel,secondaire,UC18icQd3KC04WsnXrx5UnkA,zezWbr9IjU8,https://www.youtube.com/watch?v=zezWbr9IjU8,Domingo - Bastos gratos I (prod.@PuissanceSonore),2024-07-25T22:00:07+00:00,non,0,,,,,0,,,,non,,2026-08-24 16:42 UTC
Domingo,Domingo Officiel,secondaire,UC18icQd3KC04WsnXrx5UnkA,ZpZddg8Zgdk,https://www.youtube.com/watch?v=ZpZddg8Zgdk,Domingo - MALIBU COCO,2024-06-14T05:09:33+00:00,non,0,,,,,0,,,,non,,2026-08-24 16:42 UTC
Domingo,Domingo Officiel,secondaire,UC18icQd3KC04WsnXrx5UnkA,ss96daE-lI0,https://www.youtube.com/watch?v=ss96daE-lI0,12 juin 2024,2024-06-12T18:05:18+00:00,non,0,,,,,0,,,,non,,2026-08-24 16:42 UTC
Domingo,Domingo Officiel,secondaire,UC18icQd3KC04WsnXrx5UnkA,la4xuSNsywM,https://www.youtube.com/watch?v=la4xuSNsywM,24 mai 2024,2024-05-24T18:29:07+00:00,non,0,,,,,0,,,,non,,2026-08-24 16:42 UTC
Norman,Norman,principale,UCww2zZWg4Cf5xcRKG-ThmXQ,Zv92BDSjMt8,https://www.youtube.com/watch?v=Zv92BDSjMt8,"En période de canicule, pensez aussi à eux 🐱🐶💛 #chats #chiens #canicule",2026-06-25T15:52:17+00:00,non,0,,,,,0,,,,non,,2026-08-24 16:42 UTC
Norman,Norman,principale,UCww2zZWg4Cf5xcRKG-ThmXQ,0TpSzTKRP6o,https://www.youtube.com/watch?v=0TpSzTKRP6o,Jean Alphonse Footix ⚽️ #coupedumonde #worldcup2026 #humour #football,2026-06-23T09:38:53+00:00,non,0,,,,,0,,,,non,,2026-08-24 16:42 UTC
Norman,Norman,principale,UCww2zZWg4Cf5xcRKG-ThmXQ,giddKmaJjos,https://www.youtube.com/watch?v=giddKmaJjos,Faites un maximum de bruit pour cette nouvelle petite boule de poils svp 🤍 #chat #chats #cat #cats,2026-05-26T15:39:50+00:00,non,0,,,,,0,,,,non,,2026-08-24 16:42 UTC
Norman,Norman,principale,UCww2zZWg4Cf5xcRKG-ThmXQ,jgLb03boM74,https://www.youtube.com/watch?v=jgLb03boM74,Je peux la revendre combien ?,2026-05-17T15:21:43+00:00,non,0,,,,,0,,,,non,,2026-08-24 16:42 UTC
Norman,Norman,principale,UCww2zZWg4Cf5xcRKG-ThmXQ,5PmAyB4KbZ4,https://www.youtube.com/watch?v=5PmAyB4KbZ4,Avec le son c’est mieux 🔉 (ou pire…),2026-05-13T18:23:11+00:00,non,0,,,,,0,,,,non,,2026-08-24 16:42 UTC
Norman,Norman,principale,UCww2zZWg4Cf5xcRKG-ThmXQ,8Qn_bQP_c7E,https://www.youtube.com/watch?v=8Qn_bQP_c7E,Connaissez-vous cette boucle infinie ? 🔄🍻 Buvez avec modération… vous vous en foutez ? Ok.,2026-05-09T15:12:26+00:00,non,0,,,,,0,,,,non,,2026-08-24 16:42 UTC
Norman,Norman,principale,UCww2zZWg4Cf5xcRKG-ThmXQ,E7hXlxNFHuU,https://www.youtube.com/watch?v=E7hXlxNFHuU,J’avais oublié de poster ça 😅🤍🐈‍⬛,2026-05-03T10:32:38+00:00,non,0,,,,,0,,,,non,,2026-08-24 16:42 UTC
Norman,Norman,principale,UCww2zZWg4Cf5xcRKG-ThmXQ,Zf7jUWqAD0Y,https://www.youtube.com/watch?v=Zf7jUWqAD0Y,Mieux que Space Moutain 🚀,2026-04-29T16:18:58+00:00,non,0,,,,,0,,,,non,,2026-08-24 16:42 UTC
Norman,Norman,principale,UCww2zZWg4Cf5xcRKG-ThmXQ,drMH1YQTsdU,https://www.youtube.com/watch?v=drMH1YQTsdU,Vos pronos pour la suite ? ⚽️🏆,2026-04-28T18:21:20+00:00,non,0,,,,,0,,,,non,,2026-08-24 16:42 UTC
Norman,Norman,principale,UCww2zZWg4Cf5xcRKG-ThmXQ,ZZAilHi_tYA,https://www.youtube.com/watch?v=ZZAilHi_tYA,"Les parents, vous savez 😅🤍 #parentalité #humour",2026-04-24T15:15:34+00:00,non,0,,,,,0,,,,non,,2026-08-24 16:42 UTC
Norman,Norman,principale,UCww2zZWg4Cf5xcRKG-ThmXQ,_GEOXN93vZA,https://www.youtube.com/watch?v=_GEOXN93vZA,La beauté de la vie 🪟🤍,2026-04-11T14:59:01+00:00,non,0,,,,,0,,,,non,,2026-08-24 16:42 UTC
Norman,Norman,principale,UCww2zZWg4Cf5xcRKG-ThmXQ,qrLLQ3_cn4Q,https://www.youtube.com/watch?v=qrLLQ3_cn4Q,NORMAN - DON'T SHOOT (ARC RAIDERS),2026-03-07T16:04:50+00:00,non,0,,,,,0,,,,non,,2026-08-24 16:42 UTC
Norman,Norman Sann,secondaire,UCpwzkT9Ewjo-ziKtCpkWmaA,BZgecwLENAs,https://www.youtube.com/watch?v=BZgecwLENAs,Big Stepper #shorts #hiphop #rap,2026-08-21T19:32:37+00:00,non,0,,,,,0,,,,non,,2026-08-24 16:42 UTC
Norman,Norman Sann,secondaire,UCpwzkT9Ewjo-ziKtCpkWmaA,CUagCDVtY0w,https://www.youtube.com/watch?v=CUagCDVtY0w,Overlooked 👀 #shorts #hiphop,2026-08-18T18:04:39+00:00,non,0,,,,,0,,,,non,,2026-08-24 16:42 UTC
Norman,Norman Sann,secondaire,UCpwzkT9Ewjo-ziKtCpkWmaA,2UseAZL0_Yo,https://www.youtube.com/watch?v=2UseAZL0_Yo,Mr Sann Man I can bring you a dream #shorts #newmusic,2026-08-17T20:42:10+00:00,non,0,,,,,0,,,,non,,2026-08-24 16:42 UTC
Norman,Norman Sann,secondaire,UCpwzkT9Ewjo-ziKtCpkWmaA,AzK513YARes,https://www.youtube.com/watch?v=AzK513YARes,I got a 16 for you 😈 #fyp #trending #hiphop #rap,2026-08-14T18:47:00+00:00,non,0,,,,,0,,,,non,,2026-08-24 16:42 UTC
Norman,Norman Sann,secondaire,UCpwzkT9Ewjo-ziKtCpkWmaA,V6IkBLk2r44,https://www.youtube.com/watch?v=V6IkBLk2r44,The rap Guru 😈Should we drop it ? #shorts #hiphop #rap,2026-08-12T19:19:37+00:00,non,0,,,,,0,,,,non,,2026-08-24 16:42 UTC
Norman,Norman Sann,secondaire,UCpwzkT9Ewjo-ziKtCpkWmaA,D5n5uK9beuY,https://www.youtube.com/watch?v=D5n5uK9beuY,The Bars Genius like Apple #shorts #hiphop  #rap,2026-08-06T19:46:40+00:00,non,0,,,,,0,,,,non,,2026-08-24 16:42 UTC
Norman,Norman Sann,secondaire,UCpwzkT9Ewjo-ziKtCpkWmaA,D_xuzFDgUWU,https://www.youtube.com/watch?v=D_xuzFDgUWU,Creating &quot;The Rap Guru&quot; Live,2026-08-06T19:40:30+00:00,non,0,,,,,0,,,,non,,2026-08-24 16:42 UTC
Norman,Norman Sann,secondaire,UCpwzkT9Ewjo-ziKtCpkWmaA,rEvyZe3YBVY,https://www.youtube.com/watch?v=rEvyZe3YBVY,Norman Sann Live Stream,2026-08-06T15:44:02+00:00,non,0,,,,,0,,,,non,,2026-08-24 16:42 UTC
Norman,Norman Sann,secondaire,UCpwzkT9Ewjo-ziKtCpkWmaA,U70NRXCowzY,https://www.youtube.com/watch?v=U70NRXCowzY,The rap Guru 👀 #shorts #fyp #trending,2026-08-05T19:03:42+00:00,non,0,,,,,0,,,,non,,2026-08-24 16:42 UTC
Norman,Norman Sann,secondaire,UCpwzkT9Ewjo-ziKtCpkWmaA,cLDHToEl7tU,https://www.youtube.com/watch?v=cLDHToEl7tU,Haters hate me in public but secretly listen 😈 I guess my music they mistress 👀 #shorts #hiphop,2026-07-24T19:30:42+00:00,non,0,,,,,0,,,,non,,2026-08-24 16:42 UTC
Norman,Norman Sann,secondaire,UCpwzkT9Ewjo-ziKtCpkWmaA,c_taxOM696o,https://www.youtube.com/watch?v=c_taxOM696o,😈 #shorts #hiphop,2026-07-22T19:04:43+00:00,non,0,,,,,0,,,,non,,2026-08-24 16:42 UTC
Norman,Norman Sann,secondaire,UCpwzkT9Ewjo-ziKtCpkWmaA,fVZV75IlpuU,https://www.youtube.com/watch?v=fVZV75IlpuU,I’m tired of pretending 😩 #fyp #trending #hiphop #rap,2026-07-15T18:59:04+00:00,non,0,,,,,0,,,,non,,2026-08-24 16:42 UTC
Norman,Norman Woods,secondaire,UCg2o_EFcQ2GTO-L6xkde1DQ,c2RFfTzhbZ8,https://www.youtube.com/watch?v=c2RFfTzhbZ8,NoHo #skateboarding,2026-08-23T19:54:12+00:00,non,0,,,,,0,,,,non,,2026-08-24 16:42 UTC
Norman,Norman Woods,secondaire,UCg2o_EFcQ2GTO-L6xkde1DQ,oKLTBdcdyeQ,https://www.youtube.com/watch?v=oKLTBdcdyeQ,BLAST OFF!,2026-08-22T23:17:33+00:00,non,0,,,,,0,,,,non,,2026-08-24 16:42 UTC
Norman,Norman Woods,secondaire,UCg2o_EFcQ2GTO-L6xkde1DQ,bbFyW3i9j-0,https://www.youtube.com/watch?v=bbFyW3i9j-0,Kickflip #skateboarding,2026-08-21T16:45:56+00:00,non,0,,,,,0,,,,non,,2026-08-24 16:42 UTC
Norman,Norman Woods,secondaire,UCg2o_EFcQ2GTO-L6xkde1DQ,FTxXNNn52iY,https://www.youtube.com/watch?v=FTxXNNn52iY,@NBNumeric 340 is great! #skateboarding #skateboardvibes #skate,2026-08-18T01:59:19+00:00,non,0,,,,,0,,,,non,,2026-08-24 16:42 UTC
Norman,Norman Woods,secondaire,UCg2o_EFcQ2GTO-L6xkde1DQ,lGPOkQZHTDE,https://www.youtube.com/watch?v=lGPOkQZHTDE,NB NUMERIC 340 REVIEW @NBNumeric #skateboarding,2026-08-16T20:04:22+00:00,non,0,,,,,0,,,,non,,2026-08-24 16:42 UTC
Norman,Norman Woods,secondaire,UCg2o_EFcQ2GTO-L6xkde1DQ,DqVgcSCNHw0,https://www.youtube.com/watch?v=DqVgcSCNHw0,Bump over hydrants are classic! #skateboarding,2026-08-16T02:14:05+00:00,non,0,,,,,0,,,,non,,2026-08-24 16:42 UTC
Norman,Norman Woods,secondaire,UCg2o_EFcQ2GTO-L6xkde1DQ,WTzaf_MHHt0,https://www.youtube.com/watch?v=WTzaf_MHHt0,Street Skating Insights - Hydrant Session,2026-08-15T23:57:36+00:00,non,0,,,,,0,,,,non,,2026-08-24 16:42 UTC
Norman,Norman Woods,secondaire,UCg2o_EFcQ2GTO-L6xkde1DQ,18OQXIpY080,https://www.youtube.com/watch?v=18OQXIpY080,"Flip/Spin, Grind/Slide, or combinations? #skateboarding",2026-08-11T18:36:09+00:00,non,0,,,,,0,,,,non,,2026-08-24 16:42 UTC
Norman,Norman Woods,secondaire,UCg2o_EFcQ2GTO-L6xkde1DQ,UX_Sqh-EVHA,https://www.youtube.com/watch?v=UX_Sqh-EVHA,It was a good month #skateboarding #music,2026-08-06T20:55:10+00:00,non,0,,,,,0,,,,non,,2026-08-24 16:42 UTC
Norman,Norman Woods,secondaire,UCg2o_EFcQ2GTO-L6xkde1DQ,vX9twjf0utA,https://www.youtube.com/watch?v=vX9twjf0utA,Rustlers working overtime #skateboarding,2026-07-29T17:59:45+00:00,non,0,,,,,0,,,,non,,2026-08-24 16:42 UTC
Norman,Norman Woods,secondaire,UCg2o_EFcQ2GTO-L6xkde1DQ,sGU59Gzr3Gg,https://www.youtube.com/watch?v=sGU59Gzr3Gg,This trick always lifts me up! #skateboarding,2026-07-28T03:33:02+00:00,non,0,,,,,0,,,,non,,2026-08-24 16:42 UTC
Norman,Norman Woods,secondaire,UCg2o_EFcQ2GTO-L6xkde1DQ,1epOdxZPz2M,https://www.youtube.com/watch?v=1epOdxZPz2M,How to Heelflip Front Nose Tutorial #skateboarding,2026-07-26T16:00:30+00:00,non,0,,,,,0,,,,non,,2026-08-24 16:42 UTC
Grimkujow,Grimkujow,principale,UCS-dx0lGDGJA04aXfEodLKA,CbRP35lr5GY,https://www.youtube.com/watch?v=CbRP35lr5GY,ON A FOUTU LE B*RDEL AUX ARDENTES (MÉILÉOUANYME?),2026-08-01T10:08:43+00:00,non,0,,,,,0,,,,non,,2026-08-24 16:42 UTC
Grimkujow,Grimkujow,principale,UCS-dx0lGDGJA04aXfEodLKA,tbwI82Zr0Gk,https://www.youtube.com/watch?v=tbwI82Zr0Gk,? Bah on l’a reconnu direct la,2026-07-14T16:11:21+00:00,non,0,,,,,0,,,,non,,2026-08-24 16:42 UTC
Grimkujow,Grimkujow,principale,UCS-dx0lGDGJA04aXfEodLKA,9dwzVLJonxg,https://www.youtube.com/watch?v=9dwzVLJonxg,On a reconnu Flamby à son rire,2026-07-11T18:26:00+00:00,non,0,,,,,0,,,,non,,2026-08-24 16:42 UTC
Grimkujow,Grimkujow,principale,UCS-dx0lGDGJA04aXfEodLKA,jrM3XWbDnFc,https://www.youtube.com/watch?v=jrM3XWbDnFc,QUI SE CACHE SOUS LE MASQUE ?? (Ft Terracid et Grandingo),2026-07-10T17:28:35+00:00,non,1,986-1048s,,,,0,,,,non,,2026-08-24 16:42 UTC
Grimkujow,Grimkujow,principale,UCS-dx0lGDGJA04aXfEodLKA,vfaolO6eMwk,https://www.youtube.com/watch?v=vfaolO6eMwk,Grim INSULTE Squeezie,2026-06-01T16:47:28+00:00,non,0,,,,,0,,,,non,,2026-08-24 16:42 UTC
Grimkujow,Grimkujow,principale,UCS-dx0lGDGJA04aXfEodLKA,6oA6JfFZ9t4,https://www.youtube.com/watch?v=6oA6JfFZ9t4,Elian pose un CLASSIQUE en Funk sur AWA de Lacrim,2026-05-29T10:46:38+00:00,non,0,,,,,0,,,,non,,2026-08-24 16:42 UTC
Grimkujow,Grimkujow,principale,UCS-dx0lGDGJA04aXfEodLKA,a210HFdJNtY,https://www.youtube.com/watch?v=a210HFdJNtY,Maxime RUINE un classique de BB Brunes,2026-05-24T12:20:45+00:00,non,0,,,,,0,,,,non,,2026-08-24 16:42 UTC
Grimkujow,Grimkujow,principale,UCS-dx0lGDGJA04aXfEodLKA,YF4sQp3mn2I,https://www.youtube.com/watch?v=YF4sQp3mn2I,Grim DÉTRUIT un classique de Christophe Maé,2026-05-20T10:31:04+00:00,non,0,,,,,0,,,,non,,2026-08-24 16:42 UTC
Grimkujow,Grimkujow,principale,UCS-dx0lGDGJA04aXfEodLKA,E06YIDJ5DfY,https://www.youtube.com/watch?v=E06YIDJ5DfY,QUI FERA LE MEILLEUR REMIX ? (ft Maxime Biaggi et Elian),2026-05-18T18:45:38+00:00,non,1,704-771s,,,,0,,,,non,,2026-08-24 16:42 UTC
Grimkujow,Grimkujow,principale,UCS-dx0lGDGJA04aXfEodLKA,5RzSDR-3-gM,https://www.youtube.com/watch?v=5RzSDR-3-gM,C'EST PEUT ÊTRE MA DERNIERE VIDÉO,2026-02-27T17:05:35+00:00,non,0,,,,,0,,,,non,,2026-08-24 16:42 UTC
Grimkujow,Grimkujow,principale,UCS-dx0lGDGJA04aXfEodLKA,F_MXIIt_QmU,https://www.youtube.com/watch?v=F_MXIIt_QmU,Comment 4 inconnus ont changé le monde de la musique,2026-02-09T17:00:09+00:00,non,0,,,,,0,,,,non,,2026-08-24 16:42 UTC
Grimkujow,Grimkujow,principale,UCS-dx0lGDGJA04aXfEodLKA,u5AMH3MWo4M,https://www.youtube.com/watch?v=u5AMH3MWo4M,ON JUGE DES PLATS DE M*RDE ft Cacabox,2026-01-23T17:15:47+00:00,non,0,,,,,0,,,,non,,2026-08-24 16:42 UTC
LeBouseuh,LeBouseuh,principale,UCUl7mwOyySfZzUkq4H29nug,NYHtQCgQjWY,https://www.youtube.com/watch?v=NYHtQCgQjWY,Rennes a créé des Stars 😶,2026-08-24T14:26:05+00:00,non,0,,,,,0,,,,non,,2026-08-24 16:42 UTC
LeBouseuh,LeBouseuh,principale,UCUl7mwOyySfZzUkq4H29nug,QxgGdL-F-C8,https://www.youtube.com/watch?v=QxgGdL-F-C8,Giuseppe donne à manger à Uly 🐶,2026-08-23T20:03:17+00:00,non,0,,,,,0,,,,non,,2026-08-24 16:42 UTC
LeBouseuh,LeBouseuh,principale,UCUl7mwOyySfZzUkq4H29nug,Y36tVUNt7aE,https://www.youtube.com/watch?v=Y36tVUNt7aE,Il a fait X00 tractions d'affilées 😳,2026-08-23T09:15:49+00:00,non,0,,,,,0,,,,non,,2026-08-24 16:42 UTC
LeBouseuh,LeBouseuh,principale,UCUl7mwOyySfZzUkq4H29nug,shdEtqx6S1c,https://www.youtube.com/watch?v=shdEtqx6S1c,J’explose mes Records en Muscu avec Idriss !,2026-08-22T09:31:06+00:00,non,0,,,,,0,,,,non,,2026-08-24 16:42 UTC
LeBouseuh,LeBouseuh,principale,UCUl7mwOyySfZzUkq4H29nug,KuKPDZPlXtQ,https://www.youtube.com/watch?v=KuKPDZPlXtQ,Théo est choqué du Bruit de ma MX5 😂,2026-08-21T20:50:24+00:00,non,0,,,,,0,,,,non,,2026-08-24 16:42 UTC
LeBouseuh,LeBouseuh,principale,UCUl7mwOyySfZzUkq4H29nug,r_Tlll1ClyM,https://www.youtube.com/watch?v=r_Tlll1ClyM,Les périodes compliquées 😕,2026-08-21T16:18:56+00:00,non,0,,,,,0,,,,non,,2026-08-24 16:42 UTC
LeBouseuh,LeBouseuh,principale,UCUl7mwOyySfZzUkq4H29nug,bgTbSd8h87A,https://www.youtube.com/watch?v=bgTbSd8h87A,Je fais l'entretien de mon vélo 🛠️,2026-08-20T12:30:33+00:00,non,0,,,,,0,,,,non,,2026-08-24 16:42 UTC
LeBouseuh,LeBouseuh,principale,UCUl7mwOyySfZzUkq4H29nug,yWxIDkutou0,https://www.youtube.com/watch?v=yWxIDkutou0,Je mange 5000 kcal par jour 🫣,2026-08-20T05:45:37+00:00,non,0,,,,,0,,,,non,,2026-08-24 16:42 UTC
LeBouseuh,LeBouseuh,principale,UCUl7mwOyySfZzUkq4H29nug,gByFcZQtiqA,https://www.youtube.com/watch?v=gByFcZQtiqA,Présentation de mes Vélos 🚲,2026-08-19T17:42:07+00:00,non,0,,,,,0,,,,non,,2026-08-24 16:42 UTC
LeBouseuh,LeBouseuh,principale,UCUl7mwOyySfZzUkq4H29nug,4Wy0xFSbohw,https://www.youtube.com/watch?v=4Wy0xFSbohw,Les femmes trop à l'aise 😬,2026-08-19T05:30:23+00:00,non,0,,,,,0,,,,non,,2026-08-24 16:42 UTC
LeBouseuh,LeBouseuh,principale,UCUl7mwOyySfZzUkq4H29nug,d5YY81WAnTQ,https://www.youtube.com/watch?v=d5YY81WAnTQ,Je teste les Céréales de Teddy Riner 🫣,2026-08-18T21:37:41+00:00,non,0,,,,,0,,,,non,,2026-08-24 16:42 UTC
LeBouseuh,LeBouseuh,principale,UCUl7mwOyySfZzUkq4H29nug,JDNNaLLjbL8,https://www.youtube.com/watch?v=JDNNaLLjbL8,Des hommes me DM 🫣,2026-08-18T14:51:32+00:00,non,0,,,,,0,,,,non,,2026-08-24 16:42 UTC
Kameto,Kameto - Replays et VODs,secondaire,UCiRDO4sVx9dsyMm9F7eWMvw,taVOOluAXxk,https://www.youtube.com/watch?v=taVOOluAXxk,UNE SOIRÉE CASINO DE FOLIE AVEC NOTRE PÈRE ! FLASHBACK RP #22,2026-08-24T14:57:18+00:00,non,0,,,,,0,,,,non,,2026-08-24 16:42 UTC
Kameto,Kameto - Replays et VODs,secondaire,UCiRDO4sVx9dsyMm9F7eWMvw,-lX43zWzOgs,https://www.youtube.com/watch?v=-lX43zWzOgs,ON A TENDU UNE EMBUSCADE DE FOU 🤣! FLASHBACK RP #20,2026-08-24T10:58:04+00:00,non,0,,,,,0,,,,non,,2026-08-24 16:42 UTC
Kameto,Kameto - Replays et VODs,secondaire,UCiRDO4sVx9dsyMm9F7eWMvw,vPKttAE1cAQ,https://www.youtube.com/watch?v=vPKttAE1cAQ,ILS LUI ONT COUPÉ SA MAIN DEVANT MOI ?! - FLASHBACK RP #20,2026-08-23T17:06:31+00:00,non,0,,,,,0,,,,non,,2026-08-24 16:42 UTC
Kameto,Kameto - Replays et VODs,secondaire,UCiRDO4sVx9dsyMm9F7eWMvw,MoT1AgKNRqM,https://www.youtube.com/watch?v=MoT1AgKNRqM,ILS SONT TOUS MORTS ? - FLASHBACK RP #19,2026-08-23T12:02:56+00:00,non,0,,,,,0,,,,non,,2026-08-24 16:42 UTC
Kameto,Kameto - Replays et VODs,secondaire,UCiRDO4sVx9dsyMm9F7eWMvw,OjyCgdhTZdg,https://www.youtube.com/watch?v=OjyCgdhTZdg,WAKZ NOUS REJOINT EN CUSTOM ROCKET LEAGUE ?! (CA PART EN EMBROUILLE 😂),2026-08-22T15:14:45+00:00,non,0,,,,,0,,,,non,,2026-08-24 16:42 UTC
Kameto,Kameto - Replays et VODs,secondaire,UCiRDO4sVx9dsyMm9F7eWMvw,TxCeVkq8NXw,https://www.youtube.com/watch?v=TxCeVkq8NXw,ELLE ENVOIE DES ORANGES DANS LA GUE*LE DU VOISIN 🤣?! (React - Guerre Entre Voisins),2026-08-21T16:47:50+00:00,non,0,,,,,0,,,,non,,2026-08-24 16:42 UTC
Kameto,Kameto - Replays et VODs,secondaire,UCiRDO4sVx9dsyMm9F7eWMvw,QTOYXzanJC4,https://www.youtube.com/watch?v=QTOYXzanJC4,JE DÉTESTE FAIRE ÇA… (Just Chatting),2026-08-21T14:00:22+00:00,non,0,,,,,0,,,,non,,2026-08-24 16:42 UTC
Kameto,Kameto - Replays et VODs,secondaire,UCiRDO4sVx9dsyMm9F7eWMvw,_ZB4Bs2auzQ,https://www.youtube.com/watch?v=_ZB4Bs2auzQ,"JE POUCAVE TOUT À MON DARON, IL PETE UN CABLE ! FLASHBACK RP #18",2026-08-19T18:27:59+00:00,non,0,,,,,0,,,,non,,2026-08-24 16:42 UTC
Kameto,Kameto - Replays et VODs,secondaire,UCiRDO4sVx9dsyMm9F7eWMvw,UsZsBKM6b0k,https://www.youtube.com/watch?v=UsZsBKM6b0k,ON A ORGANISÉ UN COMBAT DE RUE 🤣 FLASHBACK RP #17,2026-08-19T15:00:07+00:00,non,0,,,,,0,,,,non,,2026-08-24 16:42 UTC
Kameto,Kameto - Replays et VODs,secondaire,UCiRDO4sVx9dsyMm9F7eWMvw,Uv2SQ41iYvQ,https://www.youtube.com/watch?v=Uv2SQ41iYvQ,JOHN ME DIT DES CHOSES TRÈS ÉTRANGES... FLASHBACK RP #16,2026-08-19T10:00:00+00:00,non,0,,,,,0,,,,non,,2026-08-24 16:42 UTC
Kameto,Kameto - Replays et VODs,secondaire,UCiRDO4sVx9dsyMm9F7eWMvw,vHdjJiAKQfM,https://www.youtube.com/watch?v=vHdjJiAKQfM,KOTEI S’EST FAIT KIDNAPPER PAR UN MEC QUI VEUT LUI FAIRE DES DINGUERIES 😂 - FLASHBACK RP #15,2026-08-18T18:48:44+00:00,non,0,,,,,0,,,,non,,2026-08-24 16:42 UTC
Kameto,Kameto - Replays et VODs,secondaire,UCiRDO4sVx9dsyMm9F7eWMvw,D0gSdBm5hww,https://www.youtube.com/watch?v=D0gSdBm5hww,MILES FAIT DES DINGUERIES DANS LA MONTAGNE AVEC SON NOUVEAU POTE 😂- FLASHBACK RP #14,2026-08-18T15:30:22+00:00,non,0,,,,,0,,,,non,,2026-08-24 16:42 UTC
Kameto,Kameto,principale,UC-bQgl7oy_rEk05rNWYXafA,369XRivY6ns,https://www.youtube.com/watch?v=369XRivY6ns,Je me suis donné 100 HEURES de live pour finir ELDEN RING !,2026-05-24T12:00:04+00:00,non,2,705-761s | 5291-5358s,,,,0,,,,non,,2026-08-24 16:42 UTC
Kameto,Kameto,principale,UC-bQgl7oy_rEk05rNWYXafA,3uyWqdVnc_o,https://www.youtube.com/watch?v=3uyWqdVnc_o,La véritable histoire de la Team Rocket. (Ft NIONX),2026-03-29T09:00:06+00:00,non,0,,,,,0,,,,non,,2026-08-24 16:42 UTC
Kameto,Kameto,principale,UC-bQgl7oy_rEk05rNWYXafA,ZIdBrvu7buE,https://www.youtube.com/watch?v=ZIdBrvu7buE,Le streamer qui s'était enfermé 100h dans une salle blanche. (Ft TheGreatReview),2025-09-28T09:01:07+00:00,non,0,,,,,0,,,,non,,2026-08-24 16:42 UTC
Kameto,Kameto,principale,UC-bQgl7oy_rEk05rNWYXafA,kQlRZxOnXHM,https://www.youtube.com/watch?v=kQlRZxOnXHM,"WII SPORTS DÉFIS IRL - AVEC BYILHAN, HAMZA ET NICOTINE",2025-08-10T16:35:17+00:00,non,0,,,,,0,,,,non,,2026-08-24 16:42 UTC
Kameto,Kameto,principale,UC-bQgl7oy_rEk05rNWYXafA,lmvQdR7xUjQ,https://www.youtube.com/watch?v=lmvQdR7xUjQ,ON REMPORTE LE PREMIER TOURNOI INTER DE REMATCH,2025-06-21T17:51:47+00:00,non,0,,,,,0,,,,non,,2026-08-24 16:42 UTC
Kameto,Kameto,principale,UC-bQgl7oy_rEk05rNWYXafA,b2Pgw1J1OyE,https://www.youtube.com/watch?v=b2Pgw1J1OyE,"MARIO DÉFIS IRL - AVEC BYILHAN, HAMZA ET NICOTINE",2025-05-09T18:31:25+00:00,non,0,,,,,0,,,,non,,2026-08-24 16:42 UTC
Kameto,Kameto,principale,UC-bQgl7oy_rEk05rNWYXafA,NvRnO8vUwBk,https://www.youtube.com/watch?v=NvRnO8vUwBk,Celui qui me fait RIRE gagne les REVENUS du live !,2024-11-07T17:00:31+00:00,non,0,,,,,0,,,,non,,2026-08-24 16:42 UTC
Kameto,Kameto,principale,UC-bQgl7oy_rEk05rNWYXafA,I_qQBd2bEbI,https://www.youtube.com/watch?v=I_qQBd2bEbI,"LES MORDUS AVEC AMINE, MAGHLA &amp; GRIMKUJOW !",2024-10-25T19:30:02+00:00,non,0,,,,,0,,,,non,,2026-08-24 16:42 UTC
Kameto,Kameto,principale,UC-bQgl7oy_rEk05rNWYXafA,qmBxXRo4fls,https://www.youtube.com/watch?v=qmBxXRo4fls,SE MARIER.... 💕 #shorts,2024-10-22T20:10:43+00:00,non,0,,,,,0,,,,non,,2026-08-24 16:42 UTC
Kameto,Kameto,principale,UC-bQgl7oy_rEk05rNWYXafA,EwB5YkGUS-0,https://www.youtube.com/watch?v=EwB5YkGUS-0,PARLONS DU ELEVEN ALL STARS 2. #shorts,2024-10-17T17:14:20+00:00,non,0,,,,,0,,,,non,,2026-08-24 16:42 UTC
Kameto,Kameto,principale,UC-bQgl7oy_rEk05rNWYXafA,BeWElBjefT8,https://www.youtube.com/watch?v=BeWElBjefT8,JE REMPORTE LE CULTURE CLASH D'ÉTOILES - BEST OF KAMETO #88,2024-10-13T10:00:15+00:00,non,0,,,,,0,,,,non,,2026-08-24 16:42 UTC
Kameto,Kameto,principale,UC-bQgl7oy_rEk05rNWYXafA,Nh5Q5jCjUlY,https://www.youtube.com/watch?v=Nh5Q5jCjUlY,FAKER VS DES FRANÇAIS 🥶 (on est vraiment un pays de fou) #shorts,2024-10-08T19:19:58+00:00,non,0,,,,,0,,,,non,,2026-08-24 16:42 UTC
